l_english:
 VICTORY_POINTS_TOOLTIP: "§G$NAME$§! victory points = §Y$POINTS$§!"
 VICTORY_POINTS_6521: "Berlin"
 VICTORY_POINTS_692: "Munich"
 VICTORY_POINTS_6469: "Essen"
 VICTORY_POINTS_9347: "Hamburg"
 VICTORY_POINTS_9570: "Breslau"
 VICTORY_POINTS_241: "Wilhelmshaven"
 VICTORY_POINTS_321: "Rostock"
 VICTORY_POINTS_514: "Dresden"
 VICTORY_POINTS_587: "Düsseldorf"
 VICTORY_POINTS_3326: "Bremen"
 VICTORY_POINTS_3522: "Magdeburg"
 VICTORY_POINTS_3535: "Leipzig"
 VICTORY_POINTS_6282: "Stettin"
 VICTORY_POINTS_6332: "Königsberg"
 VICTORY_POINTS_6377: "Hannover"
 VICTORY_POINTS_6389: "Kiel"
 VICTORY_POINTS_6488: "Frankfurt"
 VICTORY_POINTS_9517: "Stuttgart"
 VICTORY_POINTS_11544: "Nuremberg"
 VICTORY_POINTS_6287: "København"
 VICTORY_POINTS_3325: "Odense"
 VICTORY_POINTS_6364: "Aarhus"
 VICTORY_POINTS_3544: "Warsaw"
 VICTORY_POINTS_9427: "Kraków"
 VICTORY_POINTS_362: "Danzig"
 POL_VICTORY_POINTS_362: "Gdansk"
 VICTORY_POINTS_3320: "Vilna"
 LIT_VICTORY_POINTS_3320: "Vilnius"
 POL_VICTORY_POINTS_3320: "Wilno"
 VICTORY_POINTS_3392: "Brest-Litovsk"
 POL_VICTORY_POINTS_3392: "Brześć Litewski"
 VICTORY_POINTS_3393: "Grodno"
 VICTORY_POINTS_6558: "Posen"
 POL_VICTORY_POINTS_6558: "Poznań"
 VICTORY_POINTS_9508: "Łódź"
 VICTORY_POINTS_11479: "Lemberg"
 POL_VICTORY_POINTS_11479: "Lwów"
 UKR_VICTORY_POINTS_11479: "Lviv"
 WUK_VICTORY_POINTS_11479: "Lviv"
 RUS_VICTORY_POINTS_11479: "Lvov"
 VICTORY_POINTS_11666: "Vienna"
 VICTORY_POINTS_673: "Innsbruck"
 VICTORY_POINTS_688: "Salzburg"
 VICTORY_POINTS_9648: "Graz"
 VICTORY_POINTS_11542: "Prague"
 VICTORY_POINTS_3569: "Brno"
 AUS_VICTORY_POINTS_3569: "Brünn"
 GER_VICTORY_POINTS_3569: "Brünn"
 VICTORY_POINTS_6418: "Plzen"
 AUS_VICTORY_POINTS_6418: "Pilsen"
 GER_VICTORY_POINTS_6418: "Pilsen"
 VICTORY_POINTS_6573: "Košice"
 HUN_VICTORY_POINTS_6573: "Kassa"
 VICTORY_POINTS_9692: "Prešporok"
 VICTORY_POINTS_9660: "Budapest"
 VICTORY_POINTS_11610: "Pecs"
 VICTORY_POINTS_730: "Debrecen"
 VICTORY_POINTS_391: "Amsterdam"
 VICTORY_POINTS_3211: "The Hague"
 VICTORY_POINTS_9498: "Rotterdam"
 VICTORY_POINTS_6496: "Eindhoven"
 VICTORY_POINTS_516: "Brussels"
 VICTORY_POINTS_3516: "Namur"
 VICTORY_POINTS_6560: "Gent"
 VICTORY_POINTS_6598: "Antwerpen"
 VICTORY_POINTS_6583: "Luxemburg"
 VICTORY_POINTS_11506: "Paris"
 VICTORY_POINTS_6613: "Lyon"
 VICTORY_POINTS_9737: "Bordeaux"
 VICTORY_POINTS_11834: "Marseille"
 VICTORY_POINTS_575: "Dunkerque"
 VICTORY_POINTS_620: "Limoges"
 VICTORY_POINTS_678: "Mülhausen"
 FRA_VICTORY_POINTS_678: "Mulhouse"
 VICTORY_POINTS_512: "Orleans"
 VICTORY_POINTS_3552: "Brest"
 VICTORY_POINTS_3594: "Vichy"
 VICTORY_POINTS_3652: "Dijon"
 VICTORY_POINTS_3671: "Tours"
 VICTORY_POINTS_3768: "Grenoble"
 VICTORY_POINTS_6449: "Cherbourg"
 VICTORY_POINTS_6536: "Lorient"
 VICTORY_POINTS_6657: "La Rochelle"
 VICTORY_POINTS_6766: "Toulouse"
 VICTORY_POINTS_9434: "Le Havre"
 VICTORY_POINTS_9490: "Troyes"
 VICTORY_POINTS_9495: "Rennes"
 VICTORY_POINTS_9503: "Straßburg"
 FRA_VICTORY_POINTS_9503: "Strasbourg"
 VICTORY_POINTS_9559: "Metz"
 VICTORY_POINTS_9642: "Besançon"
 VICTORY_POINTS_9898: "Montpellier"
 VICTORY_POINTS_9909: "Nice"
 ITA_VICTORY_POINTS_9909: "Nizza"
 SRD_VICTORY_POINTS_9909: "Nizza"
 VICTORY_POINTS_11465: "Nantes"
 VICTORY_POINTS_11483: "Lille"
 VICTORY_POINTS_11516: "Nancy"
 GER_VICTORY_POINTS_11516: "Nanzig"
 ALS_VICTORY_POINTS_11516: "Nanzig"
 VICTORY_POINTS_11548: "Boulogne"
 VICTORY_POINTS_11563: "Rouen"
 VICTORY_POINTS_13011: "Reims"
 VICTORY_POINTS_9620: "Bern"
 VICTORY_POINTS_663: "Zürich"
 VICTORY_POINTS_6666: "Genève"
 VICTORY_POINTS_9638: "Basel"
 VICTORY_POINTS_658: "Chur"
 VICTORY_POINTS_9600: "Lugano"
 VICTORY_POINTS_636: "Gotthard Pass"
 VICTORY_POINTS_11586: "Beograd"
 VICTORY_POINTS_3868: "Dubrovnik"
 VICTORY_POINTS_3882: "Skopje"
 VICTORY_POINTS_3924: "Spalato"
 CRO_VICTORY_POINTS_3924: "Split"
 SER_VICTORY_POINTS_3924: "Split"
 SLV_VICTORY_POINTS_3924: "Split"
 VICTORY_POINTS_9627: "Ljubljana" 
 AUS_VICTORY_POINTS_9627: "Laibach"
 GER_VICTORY_POINTS_9627: "Laibach"
 VICTORY_POINTS_11581: "Zagreb"
 VICTORY_POINTS_11899: "Sarajevo"
 VICTORY_POINTS_9894: "Mostar"
 VICTORY_POINTS_949: "Sofia"
 VICTORY_POINTS_6923: "Plovdiv"
 VICTORY_POINTS_9783: "Varna"
 VICTORY_POINTS_9612: "Ruse"
 VICTORY_POINTS_3796: "Pleven"
 VICTORY_POINTS_6814: "Stara Zagora"
 VICTORY_POINTS_6967: "Sliven"
 VICTORY_POINTS_9888: "Yambol"
 VICTORY_POINTS_9862: "Haskovo"
 VICTORY_POINTS_9769: "Shumen"
 VICTORY_POINTS_9771: "Vidin"
 VICTORY_POINTS_9617: "Bucureşti"
 GER_VICTORY_POINTS_9617: "Bukarest"
 AUS_VICTORY_POINTS_9617: "Bukarest"
 VICTORY_POINTS_690: "Braşov" 
 AUH_VICTORY_POINTS_690: "Brassó"
 HUN_VICTORY_POINTS_690: "Brassó"
 VICTORY_POINTS_3663: "Ploieşti"
 VICTORY_POINTS_6682: "Arad"
 VICTORY_POINTS_6711: "Cluj"
 AUH_VICTORY_POINTS_6711: "Kolozsvár"
 HUN_VICTORY_POINTS_6711: "Kolozsvár"
 VICTORY_POINTS_9716: "Iasi"
 VICTORY_POINTS_9914: "Tirana"
 VICTORY_POINTS_4109: "Athina"
 VICTORY_POINTS_9940: "Irakleio"
 VICTORY_POINTS_11818: "Salonika"
 TUR_VICTORY_POINTS_11818: "Selanik"
 GRE_VICTORY_POINTS_11818: "Thessaloniki"
 BUL_VICTORY_POINTS_11818: "Solun"
 VICTORY_POINTS_6550: "Scio"
 TUR_VICTORY_POINTS_6550: "Sakız"
 GRE_VICTORY_POINTS_6550: "Chios"
 VICTORY_POINTS_8435: "Mytilene"
 TUR_VICTORY_POINTS_8435: "Midilli"
 GRE_VICTORY_POINTS_8435: "Mytilini"
 VICTORY_POINTS_11746: "Adana"
 VICTORY_POINTS_11747: "Ankara"
 VICTORY_POINTS_12029: "Antakya"
 VICTORY_POINTS_9833: "Constantinople"
 TUR_VICTORY_POINTS_9833: "Konstantiniyye"
 GRE_VICTORY_POINTS_9833: "Konstantinoupoli"
 RUS_VICTORY_POINTS_9833: "Konstantinopol"
 BUL_VICTORY_POINTS_9833: "Tsargrad"
 SLV_VICTORY_POINTS_9833: "Tsargrad"
 SER_VICTORY_POINTS_9833: "Carigrad"
 MNT_VICTORY_POINTS_9833: "Carigrad"
 VICTORY_POINTS_9861: "Konya"
 VICTORY_POINTS_947: "Bursa"
 VICTORY_POINTS_4112: "İzmir"
 GRE_VICTORY_POINTS_4112: "Smyrni"
 VICTORY_POINTS_9893: "Antep"
 VICTORY_POINTS_9932: "Trabzon"
 VICTORY_POINTS_11842: "Adrianople"
 TUR_VICTORY_POINTS_11842: "Edirne"
 GRE_VICTORY_POINTS_11842: "Adrianoupoli"
 BUL_VICTORY_POINTS_11842: "Odrin"
 SLV_VICTORY_POINTS_11842: "Odrin"
 VICTORY_POINTS_928: "Manisa"
 VICTORY_POINTS_9799: "Balıkesir"
 VICTORY_POINTS_3856: "Kütahya"
 VICTORY_POINTS_12476: "Hakkâri"
 VICTORY_POINTS_12387: "Batman"
 VICTORY_POINTS_3862: "Yozgat"
 VICTORY_POINTS_3979: "Gümüşhane"
 VICTORY_POINTS_6807: "Karaman"
 VICTORY_POINTS_10472: "Kars"
 VICTORY_POINTS_784: "Isparta"
 VICTORY_POINTS_3938: "Madrid"
 VICTORY_POINTS_9764: "Barcelona"
 VICTORY_POINTS_740: "Bilbao"
 VICTORY_POINTS_758: "La Coruña"
 VICTORY_POINTS_875: "Córdoba"
 VICTORY_POINTS_885: "Burgos"
 VICTORY_POINTS_3816: "Zaragoza"
 VICTORY_POINTS_6906: "Valencia"
 VICTORY_POINTS_7183: "Sevilla"
 VICTORY_POINTS_9979: "Málaga"
 VICTORY_POINTS_10024: "Cartagena"
 VICTORY_POINTS_11707: "Oviedo"
 VICTORY_POINTS_11825: "Valladolid"
 VICTORY_POINTS_4135: "Gibraltar"
 VICTORY_POINTS_11805: "Lisbon"
 VICTORY_POINTS_9817: "Porto"
 VICTORY_POINTS_9904: "Roma"
 VICTORY_POINTS_3780: "Milano"
 VICTORY_POINTS_819: "Napoli"
 VICTORY_POINTS_6626: "Trieste"
 AUS_VICTORY_POINTS_6626: "Triest"
 GER_VICTORY_POINTS_6626: "Triest"
 VICTORY_POINTS_6780: "Torino"
 VICTORY_POINTS_6788: "Genova"
 VICTORY_POINTS_6606: "Bologna"
 VICTORY_POINTS_10074: "Palermo"
 VICTORY_POINTS_11584: "Venezia"
 VICTORY_POINTS_11837: "Taranto"
 VICTORY_POINTS_6050: "Stockholm"
 VICTORY_POINTS_9149: "Uppsala"
 VICTORY_POINTS_156: "Falun"
 VICTORY_POINTS_383: "Göteborg"
 VICTORY_POINTS_9279: "Malmö"
 VICTORY_POINTS_6345: "Helsingborg"
 VICTORY_POINTS_11114: "Karlstad"
 VICTORY_POINTS_11380: "Norrköping"
 VICTORY_POINTS_11215: "Karlskrona"
 VICTORY_POINTS_6115: "Kristiania"
 VICTORY_POINTS_192: "Narvik"
 VICTORY_POINTS_3022: "Trondheim"
 VICTORY_POINTS_122: "Bergen"
 VICTORY_POINTS_11105: "Helsingfors"
 #FIN_VICTORY_POINTS_11105: "Helsinki"
 VICTORY_POINTS_3083: "Åbo"
 VICTORY_POINTS_3122: "Nikolajstadt"
 SWE_VICTORY_POINTS_3122: "Vasa"
 VICTORY_POINTS_3137: "Tammerfors"
 VICTORY_POINTS_9206: "Vyborg"
 SWE_VICTORY_POINTS_9206: "Viborg"
 VICTORY_POINTS_3152: "Revel"
 EST_VICTORY_POINTS_3152: "Tallinn"
 DEN_VICTORY_POINTS_3152: "Reval"
 SWE_VICTORY_POINTS_3152: "Reval"
 GER_VICTORY_POINTS_3152: "Reval"
 COU_VICTORY_POINTS_3152: "Reval"
 UBD_VICTORY_POINTS_3152: "Reval"
 VICTORY_POINTS_9221: "Yuriev"
 EST_VICTORY_POINTS_9221: "Tartu"
 LAT_VICTORY_POINTS_9221: "Tērbata"
 LIT_VICTORY_POINTS_9221: "Dorpat"
 POL_VICTORY_POINTS_9221: "Dorpat"
 GER_VICTORY_POINTS_9221: "Dorpat"
 COU_VICTORY_POINTS_9221: "Dorpat"
 UBD_VICTORY_POINTS_9221: "Dorpat"
 VICTORY_POINTS_9340: "Rīga"
 VICTORY_POINTS_310: "Dvinsk"
 LAT_VICTORY_POINTS_310: "Daugavpils"
 POL_VICTORY_POINTS_310: "Dyneburg"
 GER_VICTORY_POINTS_310: "Dünaburg"
 COU_VICTORY_POINTS_310: "Dünaburg"
 UBD_VICTORY_POINTS_310: "Dünaburg"
 VICTORY_POINTS_6296: "Kovno"
 LIT_VICTORY_POINTS_6296: "Kaunas"
 GER_VICTORY_POINTS_6296: "Kaunas"
 COU_VICTORY_POINTS_6296: "Kaunas"
 UBD_VICTORY_POINTS_6296: "Kaunas"
 POL_VICTORY_POINTS_6296: "Kowno"
 VICTORY_POINTS_9483:2 "Shavli"
 LIT_VICTORY_POINTS_9483:2 "Šiauliai"
 POL_VICTORY_POINTS_9483:2 "Szawle"
 GER_VICTORY_POINTS_9483:2 "Schaulen"
 COU_VICTORY_POINTS_9483:2 "Schaulen"
 UBD_VICTORY_POINTS_9483:2 "Schaulen"
 VICTORY_POINTS_6103: "London"
 VICTORY_POINTS_3273: "Glasgow"
 VICTORY_POINTS_9297: "Birmingham"
 VICTORY_POINTS_351: "Newcastle"
 VICTORY_POINTS_3369: "Bristol"
 VICTORY_POINTS_3379: "Belfast"
 VICTORY_POINTS_6384: "Liverpool"
 VICTORY_POINTS_9379: "Leeds"
 VICTORY_POINTS_9392: "Edinburgh"
 VICTORY_POINTS_11293: "Dublin"
 VICTORY_POINTS_7394: "Cork"
 VICTORY_POINTS_6380: "Moscow"
 VICTORY_POINTS_525: "Kiev"
 UKR_VICTORY_POINTS_525: "Kyiv"
 VICTORY_POINTS_3529: "Tzaritzyn"
 VICTORY_POINTS_3151: "Saint Petersburg"
 VICTORY_POINTS_6474: "Yuzovka"
 UKR_VICTORY_POINTS_6474: "Yuzivka"
 VICTORY_POINTS_9417: "Rostov"
 VICTORY_POINTS_11375: "Nizhnij Novgorod"
 VICTORY_POINTS_117: "Novgorod"
 VICTORY_POINTS_121: "Yaroslavl"
 VICTORY_POINTS_306: "Smolensk"
 VICTORY_POINTS_413: "Voronezh"
 VICTORY_POINTS_418: "Kharkov"
 UKR_VICTORY_POINTS_418: "Kharkiv"
 VICTORY_POINTS_957: "Vladivostok"
 VICTORY_POINTS_1278: "Ufa"
 VICTORY_POINTS_1459: "Tashkent"
 VICTORY_POINTS_1591: "Verniy"
 VICTORY_POINTS_1599: "Tiphlis"
 VICTORY_POINTS_1821: "Yekaterinburg"
 VICTORY_POINTS_3134: "Romanov-on-Murman"
 VICTORY_POINTS_6181: "Kandalaksha"
 VICTORY_POINTS_3140: "Tikhvin"
 VICTORY_POINTS_3335: "Bryansk"
 VICTORY_POINTS_3338: "Archangelsk"
 VICTORY_POINTS_3578: "Saratov"
 VICTORY_POINTS_3580: "Kursk"
 VICTORY_POINTS_3672: "Grozny"
 VICTORY_POINTS_3686: "Sevastopol"
 VICTORY_POINTS_3720: "Maykop"
 VICTORY_POINTS_4724: "Krasnoyarsk"
 VICTORY_POINTS_4797: "Irkutsk"
 VICTORY_POINTS_6245: "Tver"
 VICTORY_POINTS_6262: "Tula"
 VICTORY_POINTS_6338: "Kazan"
 VICTORY_POINTS_7274: "Novo-Nikolaevskij"
 VICTORY_POINTS_7375: "Perm"
 VICTORY_POINTS_7661: "Baku"
 VICTORY_POINTS_9288: "Gomel"
 VICTORY_POINTS_9355: "Orel"
 VICTORY_POINTS_9753: "Astrakhan"
 VICTORY_POINTS_10641: "Yakutsk"
 VICTORY_POINTS_10696: "Omsk"
 VICTORY_POINTS_11159: "Petrozadovsk"
 VICTORY_POINTS_11202: "Pskov"
 VICTORY_POINTS_11241: "Vitebsk"
 VICTORY_POINTS_11225: "Samara"
 VICTORY_POINTS_11370: "Minsk"
 VICTORY_POINTS_11437: "Yekaterinoslav"
 UKR_VICTORY_POINTS_11437: "Katerinoslav"
 VLN_VICTORY_POINTS_11437: "Katerinoslav"
 VICTORY_POINTS_11670: "Odessa"
 VICTORY_POINTS_12189: "Khabarovsk"
 VICTORY_POINTS_12320: "Erivan"
 VICTORY_POINTS_10627: "Belotzarsk"
 VICTORY_POINTS_4801: "Dà Kùlún"
 MON_VICTORY_POINTS_4801: "Niĭslel Khüree"
 VICTORY_POINTS_7799: "Uliastay"
 VICTORY_POINTS_7069: "Casablanca"
 VICTORY_POINTS_1145: "Algiers"
 VICTORY_POINTS_11969: "Tunis"
 VICTORY_POINTS_1149: "Trablus"
 VICTORY_POINTS_11954: "Bengazi"
 VICTORY_POINTS_1130: "Tobruk"
 VICTORY_POINTS_4076: "Alexandria"
 VICTORY_POINTS_1071: "El-Alamein"
 VICTORY_POINTS_7011: "Cairo"
 VICTORY_POINTS_4709: "Tihwa"
 VICTORY_POINTS_5033: "Lhasa"
 VICTORY_POINTS_11913: "Nanjing"
 VICTORY_POINTS_6999: "Chongqing"
 VICTORY_POINTS_7014: "Shanghai"
 VICTORY_POINTS_9843: "Peking"
 VICTORY_POINTS_1047: "Guangzhou"
 VICTORY_POINTS_1069: "Jinan"
 VICTORY_POINTS_3992: "Nanchang"
 VICTORY_POINTS_4196: "Fuzhou"
 VICTORY_POINTS_10616: "Guiyang"
 VICTORY_POINTS_4619: "Wuchang"
 VICTORY_POINTS_4925: "Chengdu"
 VICTORY_POINTS_7071: "Xiamen"
 VICTORY_POINTS_7097: "Changsha"
 VICTORY_POINTS_7101: "Changde"
 VICTORY_POINTS_7137: "Nanning"
 VICTORY_POINTS_7191: "Hangzhou"
 VICTORY_POINTS_7222: "Hefei"
 VICTORY_POINTS_9958: "Zhengzhou"
 VICTORY_POINTS_10000: "Qingdao" #靑島
 GER_VICTORY_POINTS_10000: "Tsingtau"
 OST_VICTORY_POINTS_10000: "Tsingtau"
 VICTORY_POINTS_10068: "Tianjin"
 VICTORY_POINTS_10404: "Guilin"
 VICTORY_POINTS_12299: "Singapore"
 VICTORY_POINTS_1330: "Rangoon"
 VICTORY_POINTS_1492: "Mandalay"
 VICTORY_POINTS_4425: "Myitkyina"
 VICTORY_POINTS_7329: "Kota Bharu"
 VICTORY_POINTS_10062: "Hong Kong"
 VICTORY_POINTS_10297: "Kuala Lumpur"
 VICTORY_POINTS_7408: "Bangkok"
 VICTORY_POINTS_1488: "Chiang Mai"
 VICTORY_POINTS_7236: "Hat Yai"
 VICTORY_POINTS_10438: "Nakhon Ratchasima"
 VICTORY_POINTS_4075: "Hanoi"
 VICTORY_POINTS_4401: "Saigon"
 VICTORY_POINTS_1182: "Tōkyō"
 VICTORY_POINTS_9998: "Yokohama"
 VICTORY_POINTS_7072: "Ōsaka"
 VICTORY_POINTS_11960: "Kyōto"
 VICTORY_POINTS_1025: "Kokura"
 VICTORY_POINTS_1092: "Hiroshima"
 VICTORY_POINTS_1117: "Niigata"
 VICTORY_POINTS_4102: "Kagoshima"
 VICTORY_POINTS_6994: "Aomori"
 VICTORY_POINTS_7087: "Shizuoka"
 VICTORY_POINTS_7169: "Sendai"
 VICTORY_POINTS_7197: "Kochi"
 VICTORY_POINTS_9950: "Nagasaki"
 VICTORY_POINTS_10032: "Kanazawa"
 VICTORY_POINTS_10125: "Nagoya"
 VICTORY_POINTS_10444: "Sapporo"
 VICTORY_POINTS_12421: "Asahikawa"
 VICTORY_POINTS_3962: "Hakodate"
 VICTORY_POINTS_12446: "Toyohara"
 VICTORY_POINTS_11932: "Naha"
 VICTORY_POINTS_1150: "Dalian"
 JAP_VICTORY_POINTS_1150: "Dairen"
 RUS_VICTORY_POINTS_1150: "Dalniy"
 VICTORY_POINTS_4572: "Changchun"
 #JAP_VICTORY_POINTS_4572: "Hsinking"
 #MAN_VICTORY_POINTS_4572: "Hsinking"
 VICTORY_POINTS_4052: "Pyeongyang"
 VICTORY_POINTS_4056: "Busan"
 VICTORY_POINTS_7125: "Hanseong"
 VICTORY_POINTS_7186: "Taipei"
 VICTORY_POINTS_10433: "Harbin"
 VICTORY_POINTS_11771: "Fengtian"
 VICTORY_POINTS_10265: "Manila"
 VICTORY_POINTS_1221: "Batangas"
 VICTORY_POINTS_1415: "Dagupan"
 VICTORY_POINTS_4241: "Davao"
 VICTORY_POINTS_4288: "Calapan"
 VICTORY_POINTS_12118: "Cebu"
 VICTORY_POINTS_12213: "Aparri"
 VICTORY_POINTS_7381: "Batavia"
 VICTORY_POINTS_4608: "Soerabaja"
 VICTORY_POINTS_4652: "Medan"
 VICTORY_POINTS_10237: "Balikpapan"
 VICTORY_POINTS_10263: "Makassar"
 VICTORY_POINTS_12268: "Palembang"
 VICTORY_POINTS_12371: "Hollandia"
 VICTORY_POINTS_7798: "Melbourne"
 VICTORY_POINTS_12406: "Sydney"
 VICTORY_POINTS_1652: "Perth"
 VICTORY_POINTS_7520: "Newcastle"
 VICTORY_POINTS_7564: "Brisbane"
 VICTORY_POINTS_7566: "Townsville"
 VICTORY_POINTS_7669: "Darwin"
 VICTORY_POINTS_12910: "Adelaide"
 VICTORY_POINTS_1814: "Wellington"
 VICTORY_POINTS_2197: "Christchurch"
 VICTORY_POINTS_2211: "Dunedin"
 VICTORY_POINTS_4543: "Auckland"
 VICTORY_POINTS_1349: "Bombay"
 VICTORY_POINTS_2086: "Delhi"
 VICTORY_POINTS_4245: "Calcutta"
 VICTORY_POINTS_10278: "Madras"
 VICTORY_POINTS_4987: "Kathmandu"
 VICTORY_POINTS_8010: "Punakha"
 VICTORY_POINTS_2097: "Baghdad"
 VICTORY_POINTS_2089: "Basrah"
 VICTORY_POINTS_10106: "Mosul"
 VICTORY_POINTS_10760: "Muscat"
 VICTORY_POINTS_10840: "Sabya"
 VICTORY_POINTS_12727: "Riyadh"
 VICTORY_POINTS_792: "Beirut"
 VICTORY_POINTS_4111: "Damascus"
 VICTORY_POINTS_12473: "Aleppo"
 VICTORY_POINTS_1086: "Jerusalem"
 VICTORY_POINTS_7151: "Amman"
 VICTORY_POINTS_10837: "Tehran"
 VICTORY_POINTS_1896: "Tabriz"
 VICTORY_POINTS_2026: "Isfahan"
 VICTORY_POINTS_5029: "Mashhad"
 VICTORY_POINTS_7953: "Ahvaz"
 VICTORY_POINTS_8117: "Shiraz"
 VICTORY_POINTS_10913: "Kerman"
 VICTORY_POINTS_10737: "Kabul"
 VICTORY_POINTS_4893: "Herat"
 VICTORY_POINTS_3957: "Washington"
 VICTORY_POINTS_3878: "New York"
 VICTORY_POINTS_9450: "Chicago"
 VICTORY_POINTS_9814: "Los Angeles"
 VICTORY_POINTS_10337: "Houston"
 VICTORY_POINTS_788: "Norfolk"
 VICTORY_POINTS_853: "Phoenix"
 VICTORY_POINTS_1562: "San Diego"
 VICTORY_POINTS_1595: "Indianapolis"
 VICTORY_POINTS_1690: "Spokane"
 VICTORY_POINTS_1747: "Rapid City"
 VICTORY_POINTS_1770: "Des Moines"
 VICTORY_POINTS_1806: "Tulsa"
 VICTORY_POINTS_1827: "Denver"
 VICTORY_POINTS_1836: "Bismarck"
 VICTORY_POINTS_1843: "Miami"
 VICTORY_POINTS_1866: "Minneapolis"
 VICTORY_POINTS_3960: "Dallas"
 VICTORY_POINTS_4569: "Saint Louis"
 VICTORY_POINTS_4860: "Great Falls"
 VICTORY_POINTS_4865: "Salt Lake City"
 VICTORY_POINTS_6696: "Louisville"
 VICTORY_POINTS_6710: "Detroit"
 VICTORY_POINTS_6732: "Boston"
 VICTORY_POINTS_6845: "Philadelphia"
 VICTORY_POINTS_6855: "Columbus"
 VICTORY_POINTS_6890: "Cleveland"
 VICTORY_POINTS_7138: "Charlotte"
 VICTORY_POINTS_7202: "Charleston"
 VICTORY_POINTS_7315: "Seattle"
 VICTORY_POINTS_7480: "Mobile"
 VICTORY_POINTS_7552: "New Orleans"
 VICTORY_POINTS_9671: "San Francisco"
 VICTORY_POINTS_9713: "Sacramento"
 VICTORY_POINTS_10370: "Springfield"
 VICTORY_POINTS_10717: "Kansas City"
 VICTORY_POINTS_11654: "Buffalo"
 VICTORY_POINTS_11800: "Pittsburgh"
 VICTORY_POINTS_3513: "Portland"
 VICTORY_POINTS_12357: "Milwaukee"
 VICTORY_POINTS_12384: "Atlanta"
 VICTORY_POINTS_12459: "Bangor"
 VICTORY_POINTS_12489: "Little Rock"
 VICTORY_POINTS_12501: "Nashville"
 VICTORY_POINTS_12586: "Omaha"
 VICTORY_POINTS_12735: "Birmingham"
 VICTORY_POINTS_12782: "San Antonio"
 VICTORY_POINTS_13090: "Unalaska"
 VICTORY_POINTS_13091: "Anchorage"
 VICTORY_POINTS_3778: "Ottawa"
 VICTORY_POINTS_3775: "Toronto"
 VICTORY_POINTS_1408: "Vancouver"
 VICTORY_POINTS_3010: "Edmonton"
 VICTORY_POINTS_4345: "Montréal"
 VICTORY_POINTS_4872: "Winnipeg"
 VICTORY_POINTS_7361: "Halifax"
 VICTORY_POINTS_12149: "Québec"
 VICTORY_POINTS_1965: "Mexico City"
 VICTORY_POINTS_4956: "San Luís Potosí"
 VICTORY_POINTS_12810: "Veracruz"
 VICTORY_POINTS_12835: "Monterrey"
 VICTORY_POINTS_13089: "Guadalajara"
 VICTORY_POINTS_10886: "Guatemala"
 VICTORY_POINTS_12823: "San Salvador"
 VICTORY_POINTS_12865: "Tegucigalpa"
 VICTORY_POINTS_12738: "Managua"
 VICTORY_POINTS_13087: "San Jose"
 VICTORY_POINTS_7630: "Panamá"
 VICTORY_POINTS_7622: "Havana"
 VICTORY_POINTS_7590: "Guantánamo"
 VICTORY_POINTS_4641: "Port-au-Prince"
 VICTORY_POINTS_7660: "Santo Domingo"
 VICTORY_POINTS_4598: "Santiago de los Caballeros"
 VICTORY_POINTS_12885: "Cayenne"
 VICTORY_POINTS_10747: "Bogota"
 VICTORY_POINTS_2023: "Medellin"
 VICTORY_POINTS_12790: "Cartagena"
 VICTORY_POINTS_8113: "Caracas"
 VICTORY_POINTS_1944: "Maracaiba"
 VICTORY_POINTS_12798: "Quito"
 VICTORY_POINTS_12997: "Lima"
 VICTORY_POINTS_2210: "Arequipa"
 VICTORY_POINTS_5230: "La Paz"
 VICTORY_POINTS_2152: "Asunción"
 VICTORY_POINTS_10980: "Rio de Janeiro"
 VICTORY_POINTS_5107: "Fortaleza"
 VICTORY_POINTS_5168: "Recife"
 VICTORY_POINTS_10447: "Porto Alegre"
 VICTORY_POINTS_10513: "São Paulo"
 VICTORY_POINTS_10946: "Salvador"
 VICTORY_POINTS_12853: "Belém"
 VICTORY_POINTS_10362: "Montevideo"
 VICTORY_POINTS_12364: "Buenos Aires"
 VICTORY_POINTS_7500: "Rosario"
 VICTORY_POINTS_7621: "Mar del Plata"
 VICTORY_POINTS_8216: "Tucumán"
 VICTORY_POINTS_12942: "Córdoba"
 VICTORY_POINTS_650: "Santiago"
 VICTORY_POINTS_10400: "Pretoria"
 VICTORY_POINTS_1468: "Durban"
 VICTORY_POINTS_4696: "Port Elizabeth"
 VICTORY_POINTS_12589: "Cape Town"
 VICTORY_POINTS_8245: "Lourenco Marques"
 VICTORY_POINTS_8248: "Luanda"
 VICTORY_POINTS_10966: "Nova Lisboa"
 VICTORY_POINTS_10929: "Salisbury"
 VICTORY_POINTS_191: "Elisabethville"
 VICTORY_POINTS_5117: "Léopoldville"
 VICTORY_POINTS_5139: "Libreville"
 VICTORY_POINTS_8193: "Brazzaville"
 VICTORY_POINTS_5210: "Mombasa"
 VICTORY_POINTS_2050: "Lagos"
 VICTORY_POINTS_7959: "Monrovia"
 VICTORY_POINTS_4948: "Dakar"
 VICTORY_POINTS_12766: "Massaua"
 VICTORY_POINTS_12806: "Khartoum"
 VICTORY_POINTS_1269: "Guadalcanal"
 VICTORY_POINTS_3995: "Saipan"
 VICTORY_POINTS_4180: "Honolulu"
 VICTORY_POINTS_4226: "Buin"
 VICTORY_POINTS_4268: "Noumea"
 VICTORY_POINTS_4329: "Port Moresby"
 VICTORY_POINTS_2489: "Truk"
 VICTORY_POINTS_4357: "North Palau"
 VICTORY_POINTS_7251: "Simpsonhafen"
 VICTORY_POINTS_7290: "Apia"
 VICTORY_POINTS_7302: "Suva"
 VICTORY_POINTS_12021: "Hilo"
 VICTORY_POINTS_12120: "Port Vila"
 VICTORY_POINTS_12140: "Hagatna"
 VICTORY_POINTS_12148: "Pape'ete"
 VICTORY_POINTS_12237: "Lae"
 VICTORY_POINTS_13021: "Tarawa"
 VICTORY_POINTS_13025: "Iwo Jima"
 VICTORY_POINTS_13028: "Yap"
 VICTORY_POINTS_13038: "Nauru"
 VICTORY_POINTS_13041: "Kwajalein"
 VICTORY_POINTS_13046: "Eniwetok"
 VICTORY_POINTS_13047: "Wake"
 VICTORY_POINTS_13052: "Midway"
 VICTORY_POINTS_4286: "Suva"
 VICTORY_POINTS_5010: "Addis Ababa"
 VICTORY_POINTS_1984: "Gondar"
 VICTORY_POINTS_7980: "Dire Dawa"
 VICTORY_POINTS_1319: "Kunming"
 VICTORY_POINTS_8049: "Yan'an"
 VICTORY_POINTS_377: "Cardiff"
 VICTORY_POINTS_495: "Unna"
 VICTORY_POINTS_540: "Plymouth"
 VICTORY_POINTS_657: "Constanţa"
 BUL_VICTORY_POINTS_657: "Kyustendzha"
 VICTORY_POINTS_778: "Annecy"
 VICTORY_POINTS_904: "Adapazarı"
 VICTORY_POINTS_911: "Toulon"
 VICTORY_POINTS_925: "Ancona"
 VICTORY_POINTS_1005: "Antalya"
 VICTORY_POINTS_1048: "Cádiz"
 VICTORY_POINTS_1070: "Haikou"
 VICTORY_POINTS_1273: "Goa"
 VICTORY_POINTS_1440: "San Juan"
 VICTORY_POINTS_1751: "Ponta Delgada"
 VICTORY_POINTS_2038: "Freetown"
 VICTORY_POINTS_2045: "Tianshui"
 VICTORY_POINTS_2189: "Hobart"
 VICTORY_POINTS_2196: "Dar es Salaam"
 VICTORY_POINTS_3456: "Karachi"
 VICTORY_POINTS_3501: "Dover"
 VICTORY_POINTS_3838: "Ajáccio"
 VICTORY_POINTS_4159: "Messina"
 VICTORY_POINTS_4189: "Macau"
 VICTORY_POINTS_4206: "Tel Aviv"
 VICTORY_POINTS_4464: "Biloxi"
 VICTORY_POINTS_5074: "Aden"
 VICTORY_POINTS_6300: "Rosyth"
 VICTORY_POINTS_3561: "Erfurt"
 VICTORY_POINTS_6882: "Newark"
 VICTORY_POINTS_6973: "La Spezia"
 VICTORY_POINTS_6984: "Baltimore"
 VICTORY_POINTS_7132: "Oran"
 VICTORY_POINTS_7371: "Limbang"
 VICTORY_POINTS_7617: "Colón"
 VICTORY_POINTS_7940: "Xining"
 VICTORY_POINTS_7960: "Abu Dhabi"
 VICTORY_POINTS_7965: "Dali"
 VICTORY_POINTS_7982: "Bandar e'Abbas"
 VICTORY_POINTS_8085: "Kuwait"
 VICTORY_POINTS_8252: "Guayaquil"
 VICTORY_POINTS_9108: "Luleå"
 VICTORY_POINTS_9147: "Haparanda"
 VICTORY_POINTS_9458: "Portsmouth"
 VICTORY_POINTS_9832: "Providence"
 VICTORY_POINTS_9907: "Firenze"
 VICTORY_POINTS_9945: "Ceuta"
 VICTORY_POINTS_9974: "Ningbo"
 VICTORY_POINTS_9975: "Ahmadabad"
 VICTORY_POINTS_9994: "Bizerte"
 VICTORY_POINTS_10007: "Rhodes"
 VICTORY_POINTS_10201: "Trincomalee"
 VICTORY_POINTS_13067: "Attu"
 VICTORY_POINTS_10862: "Accra"
 VICTORY_POINTS_11064: "Scapa Flow"
 VICTORY_POINTS_11297: "Hull"
 VICTORY_POINTS_11435: "Trier"
 VICTORY_POINTS_12674: "Reykjavik"
 VICTORY_POINTS_11810: "Tarsus"
 VICTORY_POINTS_11773: "Cagliari"
 VICTORY_POINTS_11833: "Livorno"
 VICTORY_POINTS_11846: "Anzio"
 VICTORY_POINTS_12003: "Valletta"
 VICTORY_POINTS_12068: "Takao"
 VICTORY_POINTS_12725: "Port Sudan"
 VICTORY_POINTS_2022: "Lanzhou"
 VICTORY_POINTS_12758: "Medina"
 VICTORY_POINTS_12883: "Jeddah"
 VICTORY_POINTS_12991: "Mogadiscio"
 VICTORY_POINTS_6318: "Manchester"
 VICTORY_POINTS_11405: "Aleksandrovsk"
 UKR_VICTORY_POINTS_11405: "Oleksandrivsk"
 VLN_VICTORY_POINTS_11405: "Oleksandrivsk"
 VICTORY_POINTS_11561: "Kryvyi Rih"
 VICTORY_POINTS_9461: "Lugansk"
 VICTORY_POINTS_3734: "Yekaterinodar"
 VICTORY_POINTS_11349: "Rzhev"
 VICTORY_POINTS_8011: "Bangalore"
 VICTORY_POINTS_8087: "Hyderabad"
 VICTORY_POINTS_11929: "Dacca"
 VICTORY_POINTS_4516: "Patna"
 VICTORY_POINTS_12137: "Lucknow"
 VICTORY_POINTS_9292: "Chelyabinsk"
 VICTORY_POINTS_4333: "Akmolinsk"
 VICTORY_POINTS_11752: "Zhangbei"
 VICTORY_POINTS_7418: "Xi'an"
 VICTORY_POINTS_4879: "Windhoek"
 VICTORY_POINTS_10412: "Lynchburg"
 VICTORY_POINTS_12715: "Mérida"
 VICTORY_POINTS_4904: "Campeche"
 VICTORY_POINTS_1900: "Tuxtla Gutiérrez"
 VICTORY_POINTS_12461: "Tijuana"
 VICTORY_POINTS_10769: "Reynosa"
 VICTORY_POINTS_5015: "Matamoros"
 VICTORY_POINTS_10889: "Coatzacoalcos"
 VICTORY_POINTS_2021: "Villahermosa"
 VICTORY_POINTS_8089: "Puebla"
 VICTORY_POINTS_8097: "Ciudad Juárez"
 VICTORY_POINTS_2008: "Pachuca"
 VICTORY_POINTS_7921: "Durango"
 VICTORY_POINTS_8057: "Culiacán"
 VICTORY_POINTS_10895: "Mazatlán"
 VICTORY_POINTS_12736: "La Paz"
 VICTORY_POINTS_10830: "Chihuahua"
 VICTORY_POINTS_1892: "Ensenada"
 VICTORY_POINTS_4908: "Guaymas"
 VICTORY_POINTS_10765: "Hermosillo"
 VICTORY_POINTS_4977: "Ciudad Obregón"
 VICTORY_POINTS_2060: "Nuevo Laredo"
 VICTORY_POINTS_12811: "Piedras Negras"
 VICTORY_POINTS_10730: "Acapulco"
 VICTORY_POINTS_10172: "Guadalajara"
 VICTORY_POINTS_4887: "Morelia"
 VICTORY_POINTS_8032: "Manzanillo"
 VICTORY_POINTS_12746: "Puerto Vallarta"
 VICTORY_POINTS_5071: "Agua Prieta"
 VICTORY_POINTS_4965: "Cancún"
 VICTORY_POINTS_6526: "Truro"
 VICTORY_POINTS_4989: "Banjul"
 VICTORY_POINTS_12891: "Bissau"
 VICTORY_POINTS_1909: "Conakry"
 VICTORY_POINTS_10803: "Abidjan"
 VICTORY_POINTS_4927: "Bamako"
 VICTORY_POINTS_10836: "Ouagadougou"
 VICTORY_POINTS_2056: "Niamey"
 VICTORY_POINTS_1951: "Lome"
 VICTORY_POINTS_10919: "Porto Novo"
 VICTORY_POINTS_2080: "Yaoundé"
 VICTORY_POINTS_1903: "Malabo"
 VICTORY_POINTS_2081: "N'Djamena"
 VICTORY_POINTS_12830: "Bangui"
 VICTORY_POINTS_8214: "Gaborone"
 VICTORY_POINTS_5199: "Lusaka"
 VICTORY_POINTS_12986: "Lilongwe"
 VICTORY_POINTS_2220: "Bujumbura"
 VICTORY_POINTS_9962: "Kigali"
 VICTORY_POINTS_12989: "Kampala"
 VICTORY_POINTS_1939: "Nairobi"
 VICTORY_POINTS_8124: "Djibouti"
 VICTORY_POINTS_2077: "Belize City"
 VICTORY_POINTS_12304: "Kingston"
 VICTORY_POINTS_10254: "Nassau"
 VICTORY_POINTS_9377: "Pointe-à-Pitre"
 VICTORY_POINTS_3284: "Port of Spain"
 VICTORY_POINTS_10906: "Paramaribo"
 VICTORY_POINTS_4982: "Georgetown"
 VICTORY_POINTS_8051: "Doha"
 VICTORY_POINTS_1384: "Hisor"
 VICTORY_POINTS_12333: "Ashkhabad"
 VICTORY_POINTS_12583: "Pishpek"
 VICTORY_POINTS_3707: "Kishinyov"
 ROM_VICTORY_POINTS_3707: "Chisinău"
 MOL_VICTORY_POINTS_3707: "Chisinău"
 UKR_VICTORY_POINTS_3707: "Kyshyniv"
 VICTORY_POINTS_5128: "Antananarivo"
 VICTORY_POINTS_11984: "Nicosia"
 VICTORY_POINTS_13215: "Mexicali"
 VICTORY_POINTS_6241: "Utrecht"
 VICTORY_POINTS_9335: "Groningen"
 VICTORY_POINTS_6336: "Leeuwarden"
 VICTORY_POINTS_9363: "Arnhem"
 VICTORY_POINTS_3262: "Breda"
 VICTORY_POINTS_11562: "Maastricht"
 VICTORY_POINTS_13068: "Hasselt"
 VICTORY_POINTS_3576: "Kortrijk"
 VICTORY_POINTS_5034: "Nouakchott"
 VICTORY_POINTS_8038: "Laayoune"
 VICTORY_POINTS_11350: "Bridgetown"
 VICTORY_POINTS_4967: "Malé"
 VICTORY_POINTS_9315: "Sheffield"
 VICTORY_POINTS_153: "Willemstad"
 VICTORY_POINTS_7376: "Phnom Penh"
 VICTORY_POINTS_1464: "Vientiane"
 VICTORY_POINTS_6464: "Kattowitz"
 POL_VICTORY_POINTS_6464: "Katowice"
 VICTORY_POINTS_11467: "Gleiwitz"
 POL_VICTORY_POINTS_11467: "Gliwice"
 VICTORY_POINTS_9511: "Oppeln"
 POL_VICTORY_POINTS_9511: "Opole"
 VICTORY_POINTS_552: "Liegnitz"
 VICTORY_POINTS_3545: "Waldenburg"
 VICTORY_POINTS_11430: "Kielce"
 VICTORY_POINTS_3458: "Radom"
 VICTORY_POINTS_562: "Ostrowiec"
 VICTORY_POINTS_3230: "Płock"
 VICTORY_POINTS_6375: "Allenstein"
 POL_VICTORY_POINTS_6375: "Olsztyn"
 VICTORY_POINTS_11386: "Lyck"
 VICTORY_POINTS_3254: "Suwałki"
 LIT_VICTORY_POINTS_3254: "Suvalkai"
 GER_VICTORY_POINTS_3254: "Suwalken"
 COU_VICTORY_POINTS_3254: "Suwalken"
 UBD_VICTORY_POINTS_3254: "Suwalken"
 VICTORY_POINTS_11301: "Belostok"
 BLR_VICTORY_POINTS_11301: "Byelastok"
 POL_VICTORY_POINTS_11301: "Białystok"
 VICTORY_POINTS_560: "Pińsk"
 VICTORY_POINTS_11411: "Stanislau"
 POL_VICTORY_POINTS_11411: "Stanisławów"
 UKR_VICTORY_POINTS_11411: "Stanislaviv"
 WUK_VICTORY_POINTS_11411: "Stanislaviv"
 RUS_VICTORY_POINTS_11411: "Stanislavov"
 VICTORY_POINTS_6483: "Drohobych"
 VICTORY_POINTS_3483: "Tarnopol"
 VICTORY_POINTS_513: "Kovel"
 VICTORY_POINTS_572: "Lutsk"
 VICTORY_POINTS_6557: "Rovno"
 VICTORY_POINTS_11399: "Lublin"
 VICTORY_POINTS_9544: "Biała Podlaska"
 VICTORY_POINTS_402: "Siedlce"
 VICTORY_POINTS_442: "Tarnów"
 VICTORY_POINTS_3295: "Toruń"
 VICTORY_POINTS_279: "Bromberg"
 POL_VICTORY_POINTS_279: "Bydgoszcz"
 VICTORY_POINTS_6314: "Palanga"
 VICTORY_POINTS_9262: "Liepāja"
 GER_VICTORY_POINTS_9262: "Libau"
 COU_VICTORY_POINTS_9262: "Libau"
 UBD_VICTORY_POINTS_9262: "Libau"
 LIT_VICTORY_POINTS_9262: "Liepoja"
 POL_VICTORY_POINTS_9262: "Lipawa"
 VICTORY_POINTS_9289: "Mogilev"
 VICTORY_POINTS_3350: "Bobruysk"
 VICTORY_POINTS_11313: "Salihorsk"
 VICTORY_POINTS_9304: "Baranavichy"
 VICTORY_POINTS_6593: "Zhytomyr"
 VICTORY_POINTS_3457: "Shepetovka"
 VICTORY_POINTS_476: "Vinnytsia"
 VICTORY_POINTS_488: "Cherkasy"
 VICTORY_POINTS_11683: "Nikolaev"
 UKR_VICTORY_POINTS_11683: "Mykolaiv"
 VICTORY_POINTS_11504: "Poltava"
 VICTORY_POINTS_3520: "Sumy"
 VICTORY_POINTS_9566: "Shostka"
 VICTORY_POINTS_9449: "Belgorod"
 VICTORY_POINTS_3568: "Chernigov"
 UKR_VICTORY_POINTS_3568: "Chernihiv"
 VICTORY_POINTS_11597: "Dobrich"
 ROM_VICTORY_POINTS_11597: "Bazargic"
 VICTORY_POINTS_577: "Czernowitz"
 ROM_VICTORY_POINTS_577: "Cernăuti"
 MOL_VICTORY_POINTS_577: "Cernăuti"
 TRA_VICTORY_POINTS_577: "Cernăuti"
 RUS_VICTORY_POINTS_577: "Chernovitsy"
 UKR_VICTORY_POINTS_577: "Chernovitsy"
 WUK_VICTORY_POINTS_577: "Chernovitsy"
 VICTORY_POINTS_3548: "Mukacevo"
 HUN_VICTORY_POINTS_3548: "Munkács"
 VICTORY_POINTS_11539: "Žilina"
 VICTORY_POINTS_3583: "Troppau"
 CZE_VICTORY_POINTS_3583: "Opava"
 VICTORY_POINTS_6562: "Olomouc"
 AUS_VICTORY_POINTS_6562: "Olmütz"
 GER_VICTORY_POINTS_6562: "Olmütz"
 VICTORY_POINTS_9569: "Tábor"
 AUS_VICTORY_POINTS_9541: "Budweis"
 GER_VICTORY_POINTS_9541: "Budweis"
 VICTORY_POINTS_9541: "České Budějovice"
 VICTORY_POINTS_3585: "Carlsbad"
 CZE_VICTORY_POINTS_3585: "Karlovy Vary"
 VICTORY_POINTS_11432: "Aussig"
 VICTORY_POINTS_11401: "Liberec"
 VICTORY_POINTS_3473: "Küstrin"
 VICTORY_POINTS_9388: "Stralsund"
 VICTORY_POINTS_11372: "Köslin"
 VICTORY_POINTS_9606: "Timişoara"
 AUH_VICTORY_POINTS_9606: "Temesvár"
 HUN_VICTORY_POINTS_9606: "Temesvár"
 VICTORY_POINTS_6983: "Banja Luka"
 VICTORY_POINTS_564: "Kassel"
 VICTORY_POINTS_425: "Weimar"
 VICTORY_POINTS_11360: "Emden"
 VICTORY_POINTS_9509: "Bielefeld"
 VICTORY_POINTS_9575: "Trier"
 VICTORY_POINTS_11531: "Saarbrücken"
 FRA_VICTORY_POINTS_11531: "Sarrebruck"
 VICTORY_POINTS_549: "Haguenau"
 VICTORY_POINTS_6529: "Colmar"
 VICTORY_POINTS_3530: "Karlsruhe"
 VICTORY_POINTS_11499: "Ulm"
 VICTORY_POINTS_6712: "Freiburg"
 VICTORY_POINTS_11640: "Müllheim"
 VICTORY_POINTS_708: "Augsburg"
 VICTORY_POINTS_3673: "Klagenfurt"
 VICTORY_POINTS_9665: "Linz"
 VICTORY_POINTS_732: "Linz"
 VICTORY_POINTS_11612: "Villach"
 VICTORY_POINTS_11564: "Rijeka"
 VICTORY_POINTS_9809: "Cetinje"
 VICTORY_POINTS_10203: "Corfu"
 GRE_VICTORY_POINTS_10203: "Kerkyra"
 SER_VICTORY_POINTS_10203: "Krf"
 TUR_VICTORY_POINTS_10203: "Korfu"
 VICTORY_POINTS_3914: "Yannena"
 TUR_VICTORY_POINTS_3914: "Yanya"
 GRE_VICTORY_POINTS_3914: "Ioannina"
 VICTORY_POINTS_1205: "Agrinio"
 VICTORY_POINTS_3844: "Kateríni"
 VICTORY_POINTS_3973: "Volos"
 VICTORY_POINTS_863: "Larissa"
 VICTORY_POINTS_3864: "Volos"
 VICTORY_POINTS_976: "Lamia"
 VICTORY_POINTS_7127: "Chalkida"
 VICTORY_POINTS_3988: "Kórinthos"
 VICTORY_POINTS_7211: "Pátra"
 VICTORY_POINTS_7096: "Argos"
 VICTORY_POINTS_11965: "Kalamáta"
 VICTORY_POINTS_12058: "Chania"
 VICTORY_POINTS_7193: "Limassol"
 VICTORY_POINTS_11767: "Vlorë"
 TUR_VICTORY_POINTS_11767: "Avlonya"
 ITA_VICTORY_POINTS_11767: "Valona"
 GRE_VICTORY_POINTS_11767: "Avlónas"
 VICTORY_POINTS_12049: "Port Said"
 VICTORY_POINTS_4073: "Suez"
 VICTORY_POINTS_3996: "Giza"
 VICTORY_POINTS_11999: "Aswān"
 VICTORY_POINTS_2096: "Juba"
 VICTORY_POINTS_10833: "Berbera"
 VICTORY_POINTS_5068: "Hargeisa"
 VICTORY_POINTS_3581: "Prešov"
 HUN_VICTORY_POINTS_3581: "Eperjes"
 VICTORY_POINTS_3288: "Memel"
 LIT_VICTORY_POINTS_3288: "Klaipėda"
 POL_VICTORY_POINTS_3288: "Kłajpeda"
 VICTORY_POINTS_3547: "Bonn"
 VICTORY_POINTS_11905: "Dedeağaç"
 VICTORY_POINTS_6652: "Craiova"
 VICTORY_POINTS_6727: "Akkerman"
 ROM_VICTORY_POINTS_6727: "Cetatea Albă"
 MOL_VICTORY_POINTS_6727: "Cetatea Albă"
 UKR_VICTORY_POINTS_6727: "Bilhorod-Dnistrovskyi"
 VICTORY_POINTS_721: "Kherson"
 VICTORY_POINTS_406: "Mołodeczno"
 VICTORY_POINTS_11598: "Bolzano"
 VICTORY_POINTS_651: "Châteauroux"
 VICTORY_POINTS_8066: "Khuzdar"
 VICTORY_POINTS_5105: "Quetta"
 VICTORY_POINTS_12763: "Peshawar"
 VICTORY_POINTS_10887: "Lahore"
 VICTORY_POINTS_1910: "Kotli"
 VICTORY_POINTS_2054: "Jaipur"
 VICTORY_POINTS_53: "Stavanger"
 VICTORY_POINTS_9116: "Kirkenes"
 VICTORY_POINTS_11050: "Tromsø"
 VICTORY_POINTS_9296: "Kristiansand"
 VICTORY_POINTS_11420: "Amiens"
 VICTORY_POINTS_485: "Dieppe"
 VICTORY_POINTS_4611: "San José de David"
 VICTORY_POINTS_10879: "San Félix"
 VICTORY_POINTS_4975: "Albuquerque"
 VICTORY_POINTS_4740: "Wichita"
 VICTORY_POINTS_7834: "Topeka"
 VICTORY_POINTS_9616: "Boise"
 VICTORY_POINTS_9515: "Regensburg"
 VICTORY_POINTS_11234: "Velikiye Luki"
 VICTORY_POINTS_9098: "Luga"
 VICTORY_POINTS_11336: "Roslavl"
 VICTORY_POINTS_382: "Kaluga"
 VICTORY_POINTS_9197: "Volkhov"
 VICTORY_POINTS_4354: "Sterlitamak"
 VICTORY_POINTS_6502: "Balakovo"
 VICTORY_POINTS_10312: "Kostanay"
 VICTORY_POINTS_11537: "Ural'sk"
 VICTORY_POINTS_3618: "Guryev"
 VICTORY_POINTS_9258: "Penza"
 VICTORY_POINTS_6269: "Ivanovo"
 VICTORY_POINTS_6398: "Lipetsk"
 VICTORY_POINTS_11351: "Tambov"
 VICTORY_POINTS_11248: "Ryazan"
 VICTORY_POINTS_9131: "Vologda"
 VICTORY_POINTS_11476: "Millerovo"
 VICTORY_POINTS_775: "Salsk"
 VICTORY_POINTS_11724: "Elista"
 VICTORY_POINTS_11696: "Stavropol"
 VICTORY_POINTS_9628: "Vladikavkaz"
 VICTORY_POINTS_9663: "Gudauta"
 VICTORY_POINTS_719: "Novorossysk"
 VICTORY_POINTS_487: "Mikhaylovka"
 VICTORY_POINTS_12038: "Almería"
 VICTORY_POINTS_1176: "Granada"
 VICTORY_POINTS_6902: "Badajoz"
 VICTORY_POINTS_3874: "Salamanca"
 VICTORY_POINTS_858: "Toledo"
 VICTORY_POINTS_6832: "Ciudad Real"
 VICTORY_POINTS_6734: "Vigo"
 VICTORY_POINTS_9793: "Palma de Mallorca"
 VICTORY_POINTS_13071: "Santa Cruz de Tenerife"
 VICTORY_POINTS_4098: "Alicante"
 VICTORY_POINTS_3945: "Cuenca"
 VICTORY_POINTS_9840: "Huesca"
 VICTORY_POINTS_7213: "Teruel"
 VICTORY_POINTS_6966: "Tortosa"
 VICTORY_POINTS_6927: "Gerona"
 VICTORY_POINTS_3790: "Portimão"
 VICTORY_POINTS_6880: "Paro"
 VICTORY_POINTS_9869: "Évora"
 VICTORY_POINTS_9787: "Viseu"
 VICTORY_POINTS_6996: "Guarda"
 VICTORY_POINTS_11673: "Braga"
 VICTORY_POINTS_3798: "Coimbra"
 VICTORY_POINTS_3118: "Funchal"
 VICTORY_POINTS_10329: "Zlatoust"
 VICTORY_POINTS_4824: "Tyumen"
 VICTORY_POINTS_12594: "Semipalatinsk"
 VICTORY_POINTS_1668: "Ayaguz"
 VICTORY_POINTS_1794: "Barnaul"
 VICTORY_POINTS_7789: "Tomsk"
 VICTORY_POINTS_7757: "Kemerovo"
 VICTORY_POINTS_7822: "Novokuznetsk"
 VICTORY_POINTS_6124: "Vykata"
 VICTORY_POINTS_9680: "Kerch"
 VICTORY_POINTS_6704: "Yalta"
 VICTORY_POINTS_10056: "Mersin"
 VICTORY_POINTS_6977: "Kayseri"
 VICTORY_POINTS_3951: "Eskişehir"
 VICTORY_POINTS_4512: "Diyarbakır"
 VICTORY_POINTS_11881: "Samsun"
 VICTORY_POINTS_9823: "Urfa"
 VICTORY_POINTS_7620: "Malatya"
 VICTORY_POINTS_6813: "Maraş"
 VICTORY_POINTS_11811: "İzmit"
 VICTORY_POINTS_6995: "Sinop"
 VICTORY_POINTS_6938: "Kastamonu"
 VICTORY_POINTS_11853: "Erzurum"
 VICTORY_POINTS_6935: "Van"
 VICTORY_POINTS_9777: "Sivas"
 VICTORY_POINTS_10041: "Denizli"
 VICTORY_POINTS_7530: "Cizîr"
 VICTORY_POINTS_10497: "Bitlis"
 VICTORY_POINTS_12376: "Qerekose"
 VICTORY_POINTS_876: "Hozat"
 VICTORY_POINTS_9868: "Gümüşhane"
 VICTORY_POINTS_804: "Kırıkkale"
 VICTORY_POINTS_9878: "Karahisar"
 VICTORY_POINTS_9860: "Harput"
 VICTORY_POINTS_3942: "Deir az-Zur"
 VICTORY_POINTS_1056: "Homs"
 VICTORY_POINTS_6706: "Galaţi"
 VICTORY_POINTS_10999: "Vitória"
 VICTORY_POINTS_5112: "Santos"
 VICTORY_POINTS_9902: "Burgas"
 VICTORY_POINTS_12141: "Ya'an"
 VICTORY_POINTS_7294: "Liangshan"
 VICTORY_POINTS_10856: "Chamdo"
 VICTORY_POINTS_4999: "Kangding"
 VICTORY_POINTS_1010: "Zunyi"
 VICTORY_POINTS_10076: "Wuxi"
 VICTORY_POINTS_12019: "Huangshan"
 VICTORY_POINTS_6232: "Mozyr"
 VICTORY_POINTS_13010: "Hamilton"
 VICTORY_POINTS_4108: "Marrakech"
 VICTORY_POINTS_7081: "Annaba"
 VICTORY_POINTS_12051: "Constantine"
 VICTORY_POINTS_12034: "Batna"
 VICTORY_POINTS_11921: "Sfax"
 VICTORY_POINTS_7005: "Gabès"
 VICTORY_POINTS_3560: "Sedan"
 VICTORY_POINTS_1208: "Kuching"
 VICTORY_POINTS_726: "León"
 VICTORY_POINTS_3933: "Pamplona"
 VICTORY_POINTS_3954: "Caspe"
 VICTORY_POINTS_12857: "Sidi Ifni"
 VICTORY_POINTS_924: "Santarém"
 VICTORY_POINTS_6933: "Beja"
 VICTORY_POINTS_970: "Setúbal"
 VICTORY_POINTS_2115: "Namibe"
 VICTORY_POINTS_3916: "Erbil"
 VICTORY_POINTS_6826: "Sulaymaniyah"
 VICTORY_POINTS_12413: "Rumadiyah"
 VICTORY_POINTS_7994: "Karbala"
 VICTORY_POINTS_8001: "Najaf"
 VICTORY_POINTS_1549: "Qamishli"
 VICTORY_POINTS_6883: "Ayn al-Arab"
 VICTORY_POINTS_1065: "An-Nāsira"
 VICTORY_POINTS_11976: "Ma'an"
 VICTORY_POINTS_5098: "Kermānshāhān"
 VICTORY_POINTS_8040: "Hamedan"
 VICTORY_POINTS_4943: "Sanandaj"
 VICTORY_POINTS_7604: "Urmia"
 VICTORY_POINTS_7969: "Karaj"
 VICTORY_POINTS_4901: "Ardabil"
 VICTORY_POINTS_1822: "Mahabad"
 VICTORY_POINTS_2065: "Arak"
 VICTORY_POINTS_12832: "Bushehr"
 VICTORY_POINTS_4928: "Yasuj"
 VICTORY_POINTS_8031: "Yazd"
 VICTORY_POINTS_7990: "Birjand"
 VICTORY_POINTS_8093: "Semnan"
 VICTORY_POINTS_10782: "Iransahr"
 VICTORY_POINTS_6940: "Prishtina"
 VICTORY_POINTS_11857: "Leskovac"
 VICTORY_POINTS_3614: "Pancevo"
 VICTORY_POINTS_914: "Ergiri"
 ALB_VICTORY_POINTS_914: "Gjirokastër"
 GRE_VICTORY_POINTS_914: "Argirokastro"
 VICTORY_POINTS_1068: "Beni Suef"
 VICTORY_POINTS_4161: "El-Arīsh"
 VICTORY_POINTS_10099: "Sharm el-Sheikh"
 VICTORY_POINTS_12002: "Hurghada"
 VICTORY_POINTS_9989: "Sidi Barrani"
 VICTORY_POINTS_10061: "Marsa Matruh"
 VICTORY_POINTS_12071: "Luxor"
 VICTORY_POINTS_11974: "Asyut"
 VICTORY_POINTS_5064: "Kandahar"
 VICTORY_POINTS_12248: "Kunduz"
 VICTORY_POINTS_6701: "Makhachkala"
 VICTORY_POINTS_11674: "Elisabethpol"
 AZR_VICTORY_POINTS_11674: "Ganja"
 VICTORY_POINTS_12441: "Alexandropol"
 VICTORY_POINTS_1614: "Nukus"
 VICTORY_POINTS_7597: "Kzyl-Orda"
 VICTORY_POINTS_7341: "Aktyubinsk"
 VICTORY_POINTS_1517: "Mangystau"
 VICTORY_POINTS_185: "Kuressaare"
 VICTORY_POINTS_6222: "Jelgava"
 GER_VICTORY_POINTS_6222: "Mitau"
 COU_VICTORY_POINTS_6222: "Mitau"
 UBD_VICTORY_POINTS_6222: "Mitau"
 POL_VICTORY_POINTS_6222: "Mitawa"
 VICTORY_POINTS_3255: "Jēkabpils"
 VICTORY_POINTS_222: "Rezhitsa"
 LAT_VICTORY_POINTS_222: "Rēzekne"
 POL_VICTORY_POINTS_222: "Rzeżyca"
 GER_VICTORY_POINTS_222: "Rositten"
 COU_VICTORY_POINTS_222: "Rositten"
 UBD_VICTORY_POINTS_222: "Rositten"
 VICTORY_POINTS_10493: "Madona"
 GER_VICTORY_POINTS_10493: "Modohn"
 COU_VICTORY_POINTS_10493: "Modohn"
 UBD_VICTORY_POINTS_10493: "Modohn"
 VICTORY_POINTS_3296: "Ventspils"
 GER_VICTORY_POINTS_3296: "Windau"
 COU_VICTORY_POINTS_3296: "Windau"
 UBD_VICTORY_POINTS_3296: "Windau"
 POL_VICTORY_POINTS_3296: "Windawa"
 VICTORY_POINTS_11312: "Marijampolė"
 VICTORY_POINTS_9357: "Ukmergė"
 VICTORY_POINTS_6229: "Panevėžys"
 VICTORY_POINTS_592: "Võru"
 VICTORY_POINTS_4640: "Narva"
 DEN_VICTORY_POINTS_4640: "Narwa"
 SWE_VICTORY_POINTS_4640: "Narwa"
 GER_VICTORY_POINTS_4640: "Narwa"
 COU_VICTORY_POINTS_4640: "Narwa"
 UBD_VICTORY_POINTS_4640: "Narwa"
 VICTORY_POINTS_11127: "Wesenberg"
 VICTORY_POINTS_3174: "Pernov"
 EST_VICTORY_POINTS_3174: "Pärnu"
 GER_VICTORY_POINTS_3174: "Pernau"
 COU_VICTORY_POINTS_3174: "Pernau"
 UBD_VICTORY_POINTS_3174: "Pernau"
 VICTORY_POINTS_422: "Kowel"
 VICTORY_POINTS_9494: "Zamość"
 VICTORY_POINTS_7588: "Charleston"
 VICTORY_POINTS_7717: "Darkhan"
 VICTORY_POINTS_7676: "Erdenet"
 VICTORY_POINTS_12557: "Choibalsan"
 VICTORY_POINTS_7843: "Ulaangom"
 VICTORY_POINTS_12612: "Sainshand"
 VICTORY_POINTS_6237: "Nottingham"
 VICTORY_POINTS_11279: "Leicester"
 VICTORY_POINTS_3150: "Dundee"
 VICTORY_POINTS_6062: "Stornoway"
 VICTORY_POINTS_283: "Oban"
 VICTORY_POINTS_9303: "Galway"
 VICTORY_POINTS_285: "Wexford"
 VICTORY_POINTS_6313: "Limerick"
 VICTORY_POINTS_11371: "Sligo"
 VICTORY_POINTS_385: "Londonderry"
 VICTORY_POINTS_303: "Tullamore"
 VICTORY_POINTS_11218: "Dumfries"
 VICTORY_POINTS_11332: "Carlisle" 
 VICTORY_POINTS_407: "Swansea"
 VICTORY_POINTS_3311: "Douglas"
 VICTORY_POINTS_2015: "Kashgar"
 VICTORY_POINTS_4973: "Hotan"
 VICTORY_POINTS_4823: "Altay"
 VICTORY_POINTS_4800: "Ulala"
 VICTORY_POINTS_10528: "Verkhneudinsk"
 VICTORY_POINTS_13063: "Anadyr"
 VICTORY_POINTS_108: "Syktyvkar"
 VICTORY_POINTS_11617: "Sukhumi"
 VICTORY_POINTS_11614: "Nalchik"
 VICTORY_POINTS_11523: "Pokrovsk"
 VICTORY_POINTS_9432: "Katharinenstadt"
 VICTORY_POINTS_1573: "Bukhara"
 VICTORY_POINTS_1554: "Navoi"
 VICTORY_POINTS_1493: "Tashauz"
 VICTORY_POINTS_9259: "Cheboksary"
 VICTORY_POINTS_9402: "Yoshkar-Ola"
 VICTORY_POINTS_3757: "Balta"
 VICTORY_POINTS_741: "Tiraspol"
 VICTORY_POINTS_12941: "Kismaayo"
 VICTORY_POINTS_2072: "Macalle"
 VICTORY_POINTS_13237: "Aksum"
 VICTORY_POINTS_13238: "Adwa"
 VICTORY_POINTS_8036: "Asella"
 VICTORY_POINTS_5097: "Dessie"
 VICTORY_POINTS_13242: "Debre Markos"
 VICTORY_POINTS_13243: "Saio"
 VICTORY_POINTS_2009: "Asosa"
 VICTORY_POINTS_7912: "Jiren"
 VICTORY_POINTS_13244: "Gambella"
 VICTORY_POINTS_13246: "Culiacan"
 VICTORY_POINTS_8019: "Yabello"
 VICTORY_POINTS_13247: "Aguascalientes"
 VICTORY_POINTS_10775: "Aussa"
 VICTORY_POINTS_13249: "Harar"
 VICTORY_POINTS_12812: "Wal Wal"
 VICTORY_POINTS_9784: "Bari"
 VICTORY_POINTS_11998: "Brindisi"
 VICTORY_POINTS_9990: "Reggio Calabria"
 VICTORY_POINTS_883: "Foggia"
 VICTORY_POINTS_9598: "Trento"
 AUS_VICTORY_POINTS_9598: "Trient"
 GER_VICTORY_POINTS_9598: "Trient"
 VICTORY_POINTS_3604: "Padova"
 VICTORY_POINTS_603: "Verona"
 VICTORY_POINTS_13250: "Asmara"
 VICTORY_POINTS_12723: "Biscia"
 VICTORY_POINTS_665: "Maribor"
 VICTORY_POINTS_773: "Brescia"
 VICTORY_POINTS_6793: "Ferrara"
 VICTORY_POINTS_9752: "Modena"
 VICTORY_POINTS_4014: "Catania"
 VICTORY_POINTS_3943: "Zara"
 CRO_VICTORY_POINTS_3943: "Zadar"
 SER_VICTORY_POINTS_3943: "Zadar"
 VICTORY_POINTS_9821: "Kotor"
 VICTORY_POINTS_6889: "Ragusa"
 CRO_VICTORY_POINTS_6889: "Dubrovnik"
 SER_VICTORY_POINTS_6889: "Dubrovnik"
 SLV_VICTORY_POINTS_6889: "Dubrovnik"
 VICTORY_POINTS_12683: "Magadan"
 VICTORY_POINTS_13204: "Lavrentiya"
 VICTORY_POINTS_12549: "Verkhoyansk"
 VICTORY_POINTS_6085: "Udachny"
 VICTORY_POINTS_1819: "Kronstadt"
 VICTORY_POINTS_138: "Kargopol"
 VICTORY_POINTS_11061: "Kotlas"
 VICTORY_POINTS_13256: "Siracusa"
 VICTORY_POINTS_12087: "Tétouan"
 VICTORY_POINTS_10580: "Abakan"
 VICTORY_POINTS_6946: "Lucca"
 VICTORY_POINTS_9772: "Sassari"
 VICTORY_POINTS_6900: "Korçë"
 VICTORY_POINTS_317: "Schleswig"
 VICTORY_POINTS_6235: "Aalborg"
 VICTORY_POINTS_3277: "Kolding"
 VICTORY_POINTS_399: "Esbjerg"
 VICTORY_POINTS_3206: "Viborg"
 VICTORY_POINTS_13258: "Querétaro"
 VICTORY_POINTS_6393: "Roskilde"
 VICTORY_POINTS_9329: "Jönköping"
 VICTORY_POINTS_299: "Kalmar"
 VICTORY_POINTS_211: "Borgholm"
 VICTORY_POINTS_408: "Visby"
 VICTORY_POINTS_9393: "Linköping"
 VICTORY_POINTS_6310: "Uddevalla"
 VICTORY_POINTS_11091: "Gävle"
 VICTORY_POINTS_130: "Sundsvall"
 VICTORY_POINTS_11148: "Östersund"
 VICTORY_POINTS_6132: "Umeå"
 VICTORY_POINTS_3095: "Kiruna"
 VICTORY_POINTS_9126: "Bodø"
 VICTORY_POINTS_3048: "Mo i Rana"
 VICTORY_POINTS_6151: "Skien"
 VICTORY_POINTS_3136: "Elverum"
 VICTORY_POINTS_284: "Oban"
 VICTORY_POINTS_3117: "Björneborg"
 VICTORY_POINTS_169: "Raumo"
 VICTORY_POINTS_6009: "Borgå"
 #FIN_VICTORY_POINTS_6009: "Porvoo"
 VICTORY_POINTS_11211: "Hangö"
 #FIN_VICTORY_POINTS_11211: "Hanko"
 VICTORY_POINTS_158: "Uleoborg"
 VICTORY_POINTS_3073: "Suomussalmi"
 VICTORY_POINTS_165: "Sankt Michel"
 VICTORY_POINTS_37: "Nyslott"
 VICTORY_POINTS_66: "Gamlakarleby"
 VICTORY_POINTS_6013: "Seinäjoki"
 VICTORY_POINTS_6141: "Jyväskylä"
 VICTORY_POINTS_11141: "Kuopio"
 VICTORY_POINTS_136: "Varkaus"
 VICTORY_POINTS_9061: "Joensuu"
 VICTORY_POINTS_3125: "Kajana"
 VICTORY_POINTS_67: "Lahtis"
 VICTORY_POINTS_9167: "Tavastehus"
 VICTORY_POINTS_9228: "Mariehamn"
 FIN_VICTORY_POINTS_9228: "Maarianhamina"
 VICTORY_POINTS_11164: "Kemi"
 VICTORY_POINTS_6087: "Rovaniemi"
 VICTORY_POINTS_9140: "Petsamo"
 VICTORY_POINTS_3061: "Fredrikshamn"
 VICTORY_POINTS_9183: "Kouvola"
 VICTORY_POINTS_6082: "Villmanstrand"
 VICTORY_POINTS_11155: "Gällivare"
 VICTORY_POINTS_109: "Vilhelmina"
 VICTORY_POINTS_6098: "Repola"
 VICTORY_POINTS_3067: "Uhtua"
 VICTORY_POINTS_2998: "Porajärvi"
 VICTORY_POINTS_11125: "Torneå"
 VICTORY_POINTS_6142: "Inari"
 VICTORY_POINTS_12512: "Nuuk"
 VICTORY_POINTS_13003: "Tórshavn"
 VICTORY_POINTS_10933: "Natal"
 VICTORY_POINTS_5153: "Teresina"
 VICTORY_POINTS_13086: "Tacna"
 VICTORY_POINTS_13288: "Mollendo"
 VICTORY_POINTS_13286: "Puno"
 VICTORY_POINTS_13289: "Iquitos"
 VICTORY_POINTS_5120: "Machala"
 VICTORY_POINTS_5023: "Puerto Ayora"
 VICTORY_POINTS_12960: "Port Stanley"
 VICTORY_POINTS_2156: "Piura"
 VICTORY_POINTS_10970: "Yurimaguas"
 VICTORY_POINTS_2226: "Pucallpa"
 VICTORY_POINTS_5166: "Cusco"
 VICTORY_POINTS_8191: "Puerto Maldonado"
 VICTORY_POINTS_2160: "Santa Cruz de la Sierra"
 VICTORY_POINTS_12901: "Ciudad del Este"
 VICTORY_POINTS_2195: "Filadelfia"
 VICTORY_POINTS_10234: "Hanga Roa"
 VICTORY_POINTS_10934: "Manaus"
 VICTORY_POINTS_4980: "Macapá"
 VICTORY_POINTS_12933: "São Luís"
 VICTORY_POINTS_5151: "Palmas"
 VICTORY_POINTS_12939: "Porto Velho"
 VICTORY_POINTS_2111: "Cuiabá"
 VICTORY_POINTS_12951: "Campo Grande"
 VICTORY_POINTS_8181: "Curitiba"
 VICTORY_POINTS_4548: "Florianópolis"
 VICTORY_POINTS_10405: "Florianópolis"
 VICTORY_POINTS_12987: "Goiânia"
 VICTORY_POINTS_5201: "Punta Arenas"
 VICTORY_POINTS_2161: "Coyhaique"
 VICTORY_POINTS_5169: "Puerto Montt"
 VICTORY_POINTS_5131: "Arica"
 VICTORY_POINTS_8194: "Coquimbo"
 VICTORY_POINTS_8222: "Valparaíso"
 VICTORY_POINTS_12984: "Concepción"
 VICTORY_POINTS_5121: "Concepción"
 VICTORY_POINTS_8251: "Curicó"
 VICTORY_POINTS_8217: "Iquique"
 VICTORY_POINTS_5228: "Copiapó"
 VICTORY_POINTS_13300: "Ushuaia"
 VICTORY_POINTS_12922: "Formosa"
 VICTORY_POINTS_11007: "Posadas"
 VICTORY_POINTS_12964: "Corrientes"
 VICTORY_POINTS_1449: "Paraná"
 VICTORY_POINTS_5163: "Santa Fe de la Vera Cruz"
 VICTORY_POINTS_2106: "Resistencia"
 VICTORY_POINTS_13309: "Catamarca"
 VICTORY_POINTS_2224: "San Salvador de Jujuy"
 VICTORY_POINTS_11001: "Salta"
 VICTORY_POINTS_2136: "San Juan"
 VICTORY_POINTS_12978: "La Rioja"
 VICTORY_POINTS_10964: "Mendoza"
 VICTORY_POINTS_12306: "Neuquén"
 VICTORY_POINTS_12321: "Viedma"
 VICTORY_POINTS_5173: "Rio Gallegos"
 VICTORY_POINTS_10953: "Rawson"
 VICTORY_POINTS_13307: "Puerto Madryn"
 VICTORY_POINTS_8161: "Trevelin"
 VICTORY_POINTS_13313: "Manama"
 VICTORY_POINTS_5037: "Mecca"
 VICTORY_POINTS_12702: "Dammam"
 VICTORY_POINTS_12930: "Sucre"
 VICTORY_POINTS_12505: "St. John's"
 VICTORY_POINTS_4285: "Saint John"
 VICTORY_POINTS_1424: "Moncton"
 VICTORY_POINTS_10230: "Sherbrooke"
 VICTORY_POINTS_12223: "Saguenay"
 VICTORY_POINTS_4739: "Saskatoon"
 VICTORY_POINTS_7259: "Victoria"
 VICTORY_POINTS_7899: "Thunder Bay"
 VICTORY_POINTS_2075: "Bluefields"
 VICTORY_POINTS_2173: "Fortress Humaitá"
 VICTORY_POINTS_2194: "Encarnación"
 VICTORY_POINTS_11023: "Pedro Juan Caballero"
 VICTORY_POINTS_1641: "Melo"
 VICTORY_POINTS_12468: "Salto"
 VICTORY_POINTS_10502: "Paysandú"
 VICTORY_POINTS_5165: "Mayor Pablo Lagerenza"
 VICTORY_POINTS_7209: "Khoms"
 VICTORY_POINTS_9980: "Misrata"
 VICTORY_POINTS_1189: "Aziziya"
 
 #TGWR Victory Points
 VICTORY_POINTS_11887: "Niš"
 VICTORY_POINTS_6998: "Kruševac"
 VICTORY_POINTS_9874: "Pristina"
 VICTORY_POINTS_11774: "Komotini"
 TUR_VICTORY_POINTS_11774: "Gümülcine"
 WTH_VICTORY_POINTS_11774: "Gümülcine"
 BUL_VICTORY_POINTS_11774: "Gyumyurdžina"
 VICTORY_POINTS_878: "Kardzhali"
 VICTORY_POINTS_1102: "Agadir"
 VICTORY_POINTS_4097: "Fez"
 VICTORY_POINTS_12938: "Belo Horizonte"
 VICTORY_POINTS_1861: "Canberra"
 VICTORY_POINTS_2209: "Villa Hayes"
 VICTORY_POINTS_9204: "Köngsberg"
 VICTORY_POINTS_3021: "Hamar"
 VICTORY_POINTS_3171: "Fredrikstad"
 VICTORY_POINTS_3546: "Verdun"
 VICTORY_POINTS_743: "Bayonne"
 VICTORY_POINTS_9853: "Perpignan"
 VICTORY_POINTS_6960: "Béziers"
 VICTORY_POINTS_11160:"Kristianstad"
 VICTORY_POINTS_9209: "Örebro"
 VICTORY_POINTS_9523: "Versailles"
 VICTORY_POINTS_9851: "Bastia"
 VICTORY_POINTS_9561: "Compiègne"
 VICTORY_POINTS_849: "Gallipoli"
 TUR_VICTORY_POINTS_849: "Gelibolu"
 GRE_VICTORY_POINTS_849: "Kallipoli"
 VICTORY_POINTS_1177: "Jeju"
 VICTORY_POINTS_848: "Wonsan"
 VICTORY_POINTS_11808: "Fushun"
 VICTORY_POINTS_3934: "Fuxin"
 VICTORY_POINTS_6837: "Jinzhou"
 VICTORY_POINTS_4205: "Weihaiwei"
 VICTORY_POINTS_1200: "Yantai"
 VICTORY_POINTS_810: "Grodekovo"
 VICTORY_POINTS_6964: "Yanji"
 VICTORY_POINTS_9623: "Jiamusi"
 VICTORY_POINTS_10503: "Mudanjiang"
 VICTORY_POINTS_900: "Tangshan"
 VICTORY_POINTS_3900: "Qinhuangdao"
 VICTORY_POINTS_1590: "Kalgan"
 VICTORY_POINTS_10372: "Xilingol"
 VICTORY_POINTS_7158: "Datong"
 VICTORY_POINTS_1588: "Qiqihar"
 VICTORY_POINTS_7832: "Aigun"
 VICTORY_POINTS_10612: "Manzhouli"
 VICTORY_POINTS_1055: "Wenchow"
 VICTORY_POINTS_10708: "Bayan Tümen"
 VICTORY_POINTS_10589: "Nikolsk-Ussuriysky"
 VICTORY_POINTS_9604: "Imperatorskaya Gavan"
 VICTORY_POINTS_7763: "Blagoveshchensk"
 VICTORY_POINTS_12559: "Nikolayevsk- on-Amur"
 VICTORY_POINTS_12657: "Alexeyevsk"
 VICTORY_POINTS_10011: "Tsushima"
 VICTORY_POINTS_8047: "Esmeraldas" 
 VICTORY_POINTS_989: "Oujda" 
 VICTORY_POINTS_12082: "Melilla" 
 VICTORY_POINTS_10875: "Dakhla"
 VICTORY_POINTS_11701: "Fort Alexandrovsky"
 VICTORY_POINTS_12581: "Kokand"
 VICTORY_POINTS_2058: "Osh"
 VICTORY_POINTS_12397: "Turkistan"
 VICTORY_POINTS_1216: "Samarkand"
 VICTORY_POINTS_12324: "Khiva"
 VICTORY_POINTS_11457: "Khanskaya Stavka"
 VICTORY_POINTS_10202: "Pavlodar"
 VICTORY_POINTS_7874: "Petropavlovsk"
 VICTORY_POINTS_12785: "Ho"
 VICTORY_POINTS_10113: "Tangier"
 VICTORY_POINTS_3123: "Fort-Lamy"
 VICTORY_POINTS_12154: "Friedrich- Wilhelmshafen"
 VICTORY_POINTS_1126: "Laghouat"
 VICTORY_POINTS_7077: "Kairouan"
 VICTORY_POINTS_1127: "Ajdabiya"
 VICTORY_POINTS_7992: "Port-Étienne"
 VICTORY_POINTS_4920: "El Aaiún"
 VICTORY_POINTS_6831: "Pescara"
 VICTORY_POINTS_9794: "Terni"
 VICTORY_POINTS_9916: "Arta"
 VICTORY_POINTS_9837: "Florina"
 GRE_VICTORY_POINTS_9837: "Lerin"
 VICTORY_POINTS_13274: "Shkodër"
 TUR_VICTORY_POINTS_13274: "İşkodra"
 ITA_VICTORY_POINTS_13274: "Scutari"
 SER_VICTORY_POINTS_13274: "Skadar"
 CRO_VICTORY_POINTS_13274: "Skadar"
 MNT_VICTORY_POINTS_13274: "Skadar"
 BUL_VICTORY_POINTS_13274: "Skadar"
 VICTORY_POINTS_9906: "Vranje"
 VICTORY_POINTS_3939: "Novi Pazar"
 VICTORY_POINTS_6790: "Parma"
 VICTORY_POINTS_782: "Ravenna"
 VICTORY_POINTS_969: "Bergamo"
 VICTORY_POINTS_3657: "Udine"
 VICTORY_POINTS_984: "Pula"
 VICTORY_POINTS_10749: "Fiume"
 SLV_VICTORY_POINTS_10749: "Rijeka"
 CRO_VICTORY_POINTS_10749: "Rijeka"
 SER_VICTORY_POINTS_10749: "Rijeka"
 VICTORY_POINTS_6675: "Bozen"
 VICTORY_POINTS_686: "Ödenburg"
 HUN_VICTORY_POINTS_686: "Sopron"
 CRO_VICTORY_POINTS_686: "Sopron"
 SER_VICTORY_POINTS_686: "Sopron"
 SLV_VICTORY_POINTS_686: "Sopron"
 VICTORY_POINTS_541: "Nitra"
 VICTORY_POINTS_6720: "Győr"
 VICTORY_POINTS_6703: "Székesfehérvár"
 VICTORY_POINTS_6647: "Osijek"
 HUN_VICTORY_POINTS_6647: "Eszék"
 VICTORY_POINTS_11590: "Lausanne"
 VICTORY_POINTS_958: "Avignon"
 VICTORY_POINTS_11877: "Nîmes"
 VICTORY_POINTS_6786: "Saint-Étienne"
 VICTORY_POINTS_762: "Valence"
 VICTORY_POINTS_11787: "Zrenjanin"
 HUN_VICTORY_POINTS_11787: "Nagybecskerek"
 VICTORY_POINTS_3617: "Novi Sad"
 HUN_VICTORY_POINTS_3617: "Újvidék"
 VICTORY_POINTS_9621: "Subotica"
 HUN_VICTORY_POINTS_9621: "Szabadka"
 VICTORY_POINTS_6700: "Szeged"
 VICTORY_POINTS_3696: "Oradea"
 AUH_VICTORY_POINTS_3696: "Nagyvárad"
 HUN_VICTORY_POINTS_3696: "Nagyvárad"
 VICTORY_POINTS_6679: "Sibiu" 
 AUH_VICTORY_POINTS_6679: "Nagyszeben"
 HUN_VICTORY_POINTS_6679: "Nagyszeben"
 VICTORY_POINTS_11691: "Užhorod"
 HUN_VICTORY_POINTS_11691: "Ungvár"
 VICTORY_POINTS_6761: "Suczawa"
 ROM_VICTORY_POINTS_6761: "Suceava"
 MOL_VICTORY_POINTS_6761: "Suceava"
 TRA_VICTORY_POINTS_6761: "Suceava"
 RUS_VICTORY_POINTS_6761: "Suchava"
 UKR_VICTORY_POINTS_6761: "Suchava"
 WUK_VICTORY_POINTS_6761: "Suchava"
 VICTORY_POINTS_9471: "Chemnitz"
 VICTORY_POINTS_11699: "Pau"
 VICTORY_POINTS_9478: "Angers"
 VICTORY_POINTS_3509: "Le Mans"
 VICTORY_POINTS_11535: "Caen"
 VICTORY_POINTS_9748: "Clermont-Ferrand"
 VICTORY_POINTS_11560: "Mainz"
 VICTORY_POINTS_6568: "Mannheim"
 VICTORY_POINTS_11417: "Würzburg"
 VICTORY_POINTS_589: "Wiesbaden"
 VICTORY_POINTS_11494: "Koblenz"
 VICTORY_POINTS_6446: "Brugge"
 VICTORY_POINTS_13081: "Charleroi"
 VICTORY_POINTS_11456: "Nijmegen"
 VICTORY_POINTS_9431: "Middelburg"
 VICTORY_POINTS_6286: "Zwolle"
 VICTORY_POINTS_6535: "Münster"
 VICTORY_POINTS_526: "Braunschweig"
 VICTORY_POINTS_11331: "Lübeck"
 VICTORY_POINTS_9239: "Oxford"
 VICTORY_POINTS_221: "Ipswich"
 VICTORY_POINTS_322: "Norwich"
 VICTORY_POINTS_11253: "Cambridge"
 VICTORY_POINTS_9364: "Wrexham"
 VICTORY_POINTS_11136: "Aberdeen"
 VICTORY_POINTS_9161: "Inverness"
 VICTORY_POINTS_11237: "Waterford"
 VICTORY_POINTS_9361: "Kolberg"
 VICTORY_POINTS_1184: "Weixian"
 VICTORY_POINTS_10043: "Jining"
 VICTORY_POINTS_1124: "Linyi"
 VICTORY_POINTS_7109: "Baoding"
 VICTORY_POINTS_1188: "Shimen"
 VICTORY_POINTS_10424: "Guisui"
 VICTORY_POINTS_4174: "Taiyuan"
 VICTORY_POINTS_1344: "Yangquan"
 VICTORY_POINTS_11931: "Luoyang"
 VICTORY_POINTS_7656: "Kaifeng"
 VICTORY_POINTS_12055: "Xuzhou"
 VICTORY_POINTS_12067: "Yancheng"
 VICTORY_POINTS_7094: "Bengbu"
 VICTORY_POINTS_1083: "Anqing"
 VICTORY_POINTS_1089: "Nantong"
 VICTORY_POINTS_1099: "Wuhu"
 VICTORY_POINTS_1125: "Huizhou"
 VICTORY_POINTS_4013: "Wenzhou"
 VICTORY_POINTS_11920: "Jinhua"
 VICTORY_POINTS_1138: "Nanping"
 VICTORY_POINTS_12467: "Hanyang"
 VICTORY_POINTS_7167: "Hankou"
 VICTORY_POINTS_4130: "Jingzhou"
 VICTORY_POINTS_1612: "Yichang"
 VICTORY_POINTS_10446: "Xinyang"
 VICTORY_POINTS_7301: "Xian"
 VICTORY_POINTS_11865: "Daxian"
 VICTORY_POINTS_7027: "Quanzhou"
 VICTORY_POINTS_1006: "Longyan"
 VICTORY_POINTS_1053: "Ganzhou"
 VICTORY_POINTS_9938: "Santow"
 VICTORY_POINTS_4050: "Huiyang"
 VICTORY_POINTS_1120: "Shaoguan"
 VICTORY_POINTS_7159: "Hengyang"
 VICTORY_POINTS_4152: "Wuzhou"
 VICTORY_POINTS_11981: "Fort-Bayard"
 VICTORY_POINTS_7342: "George Town"
 VICTORY_POINTS_10677: "Malacca"
 VICTORY_POINTS_10212: "Jesselton"
 VICTORY_POINTS_10199: "Sandakan"
 VICTORY_POINTS_12133: "Can Tho"
 VICTORY_POINTS_7645: "Stung Treng"
 VICTORY_POINTS_1605: "Da Lat"
 VICTORY_POINTS_4405: "Nha Trang"
 VICTORY_POINTS_1563: "Pakse"
 VICTORY_POINTS_4379: "Hue"
 VICTORY_POINTS_4397: "Vinh"
 VICTORY_POINTS_4639: "Kampong Cham"
 VICTORY_POINTS_10177: "Battambang"
 VICTORY_POINTS_4433: "Sattahip"
 VICTORY_POINTS_10411: "Nakhon Sawan"
 VICTORY_POINTS_12360: "Khon Kaen"
 VICTORY_POINTS_1291: "Alor Setar"
 VICTORY_POINTS_4312: "Nakhon Si Thammarat"
 VICTORY_POINTS_12289: "Fredericton"
 VICTORY_POINTS_9467: "Sudbury"
 VICTORY_POINTS_12603: "Regina"
 VICTORY_POINTS_3706: "Calgary"
 VICTORY_POINTS_1323: "Prince George"
 VICTORY_POINTS_10725: "Artvin"
 VICTORY_POINTS_7171: "Pyeongyang"
 VICTORY_POINTS_6763: "Zaqatala"
 VICTORY_POINTS_1962: "Aghdash"
 VICTORY_POINTS_3698: "Sochi"
 VICTORY_POINTS_1967: "Florynka"
 VICTORY_POINTS_3434: "Przemyśl"
 RUS_VICTORY_POINTS_3434: "Przemyśl"
 UKR_VICTORY_POINTS_3434: "Peremyshl"
 WUK_VICTORY_POINTS_3434: "Peremyshl"
 VICTORY_POINTS_11580: "Sremska Mitrovica" 
 HUN_VICTORY_POINTS_11580: "Szávaszentdemeter"
 VICTORY_POINTS_12755: "Mexico's City"
 VICTORY_POINTS_7973: "Saltillo"
 VICTORY_POINTS_10746: "Torreón"
 VICTORY_POINTS_13220: "Tuxtla Gutierrez"
 VICTORY_POINTS_12745: "Chihuahua"
 VICTORY_POINTS_13259: "León"
 VICTORY_POINTS_5066: "Chilpancingo"
 VICTORY_POINTS_13236: "Morelia"
 VICTORY_POINTS_13232: "Oaxaca"
 VICTORY_POINTS_13261: "Puebla"
 VICTORY_POINTS_13269: "Campeche"
 VICTORY_POINTS_2083: "Ciudad Victoria"
 VICTORY_POINTS_8079: "Tampico"
 VICTORY_POINTS_10738: "Zacatecas"
 VICTORY_POINTS_10832: "Cuautla"
 VICTORY_POINTS_12867: "Villahermosa"
 VICTORY_POINTS_523: "Starobelsk"
 UKR_VICTORY_POINTS_523: "Starobilsk"
 VICTORY_POINTS_8103: "Nea Orestiás"
 VICTORY_POINTS_10104: "Strumica"
 VICTORY_POINTS_7987: "Bosilegrad"
 VICTORY_POINTS_11856: "Ohrid"
 VICTORY_POINTS_6484: "Lublin"
 VICTORY_POINTS_10739: "Al-Fashir"
 VICTORY_POINTS_1920: "Sana'a"
 VICTORY_POINTS_10785: "Aoudjila"
 VICTORY_POINTS_4144: "Anyang"
 VICTORY_POINTS_12520: "Khovd"
 VICTORY_POINTS_4704: "Hami"
 QIN_VICTORY_POINTS_4704: "Kumul"
 KUM_VICTORY_POINTS_4704: "Kumul"
 VICTORY_POINTS_10614: "Turpan"
 VICTORY_POINTS_4682: "Akesu"
 VICTORY_POINTS_5102: "Qamdo"
 VICTORY_POINTS_4994: "Xigazê"
 VICTORY_POINTS_1961: "Gar"
 VICTORY_POINTS_1473: "Abéché"
 VICTORY_POINTS_1060: "Dscharabub"
 VICTORY_POINTS_9263: "Gdynia"
 VICTORY_POINTS_9919: "Burgas"
 VICTORY_POINTS_10126: "Köln"
 VICTORY_POINTS_10884: "Dortmund"
 VICTORY_POINTS_11796: "Uşak"
 VICTORY_POINTS_11883: "Zonguldak"
 VICTORY_POINTS_4088: "Be'er Sheva"
 VICTORY_POINTS_10791: "Al-Hasa"
 VICTORY_POINTS_5231: "Bloemfontein"
 VICTORY_POINTS_2229: "Lüderitz"
 VICTORY_POINTS_2207: "Walvis Bay"
 VICTORY_POINTS_12963: "Francistown"
 VICTORY_POINTS_4851: "Bulawayo"
 VICTORY_POINTS_2120: "Beira"
 VICTORY_POINTS_2123: "Nampula"
 VICTORY_POINTS_12911: "Dodoma"
 VICTORY_POINTS_11647: "Sukhumi"
 VICTORY_POINTS_1708: "Qoqak"
 VICTORY_POINTS_1783: "Karamay"
 VICTORY_POINTS_12526: "Ghulja"
 VICTORY_POINTS_1018: "Qinzhou"
 VICTORY_POINTS_2067: "Jiandu"
 VICTORY_POINTS_10903: "Barkam"
 VICTORY_POINTS_6912: "Bandırma"
 GRE_VICTORY_POINTS_6912: "Panormos"
 VICTORY_POINTS_4455: "Haifa"
 VICTORY_POINTS_806: "Osmaniye"
 VICTORY_POINTS_6864: "Çanakkale"
 GRE_VICTORY_POINTS_6864: "Dardanellia"
 VICTORY_POINTS_4017: "Ma'an"
 VICTORY_POINTS_7143: "Karaman"
 VICTORY_POINTS_11261: "Zorzor"
 VICTORY_POINTS_13064: "Calais"
 VICTORY_POINTS_2923: "Gérardmer"
 GER_VICTORY_POINTS_2923: "Gerdsee"
 ALS_VICTORY_POINTS_2923: "Gerdsee"
 VICTORY_POINTS_3668: "Petrovsk"
 VICTORY_POINTS_9567: "Teschen"
 CZE_VICTORY_POINTS_9567: "Tesín"
 SLO_VICTORY_POINTS_9567: "Tesín"
 POL_VICTORY_POINTS_9567: "Cieszyn"
 GAL_VICTORY_POINTS_9567: "Cieszyn"
 VICTORY_POINTS_3414: "Troppau"
 VICTORY_POINTS_12768: "Kirkuk"
 VICTORY_POINTS_7215: "Axdir"
 VICTORY_POINTS_6924: "Aveiro"
 VICTORY_POINTS_11108: "Bangui"
 VICTORY_POINTS_4179: "Matsuyama"
 VICTORY_POINTS_7212: "Okayama"
 VICTORY_POINTS_12097: "Hamamatsu"
 VICTORY_POINTS_10128: "Nagano"
 VICTORY_POINTS_12031: "Kōbe"
 VICTORY_POINTS_7157: "Kanagawa"
 VICTORY_POINTS_7110: "Fukuoka"
 VICTORY_POINTS_7113: "Wakayama"
 VICTORY_POINTS_11985: "Shimonoseki"
 VICTORY_POINTS_11925: "Kumamoto"
 VICTORY_POINTS_1113: "Utsunomiya"
 VICTORY_POINTS_7809: "Muharraq"
 VICTORY_POINTS_1966: "Alula"
 VICTORY_POINTS_12840: "Hobyo"
 VICTORY_POINTS_7830: "Afgooye"
 VICTORY_POINTS_6997: "Julfa"
 VICTORY_POINTS_4435: "Gangtok"
 VICTORY_POINTS_7387: "Bandar Brunei"
 VICTORY_POINTS_12283: "Sibu"
 VICTORY_POINTS_4396: "Bintulu"
 VICTORY_POINTS_3476: "Arras"
 VICTORY_POINTS_6504: "Cambrai"
 VICTORY_POINTS_5005: "Al-Muhammarah"
 VICTORY_POINTS_10585: "Zanzibar City"
 VICTORY_POINTS_4609: "Rasht"
 VICTORY_POINTS_11700: "Melitopol"
 VICTORY_POINTS_2070: "Duzzap"
 VICTORY_POINTS_12774: "Gwadar"
 VICTORY_POINTS_8007: "Multan"
 VICTORY_POINTS_12754: "Jammu"
 VICTORY_POINTS_1908: "Jeypore"
 VICTORY_POINTS_12080: "Indore"
 VICTORY_POINTS_4132: "Bhavnagar"
 VICTORY_POINTS_7150: "Surat"
 VICTORY_POINTS_4883: "Nagpur"
 VICTORY_POINTS_10030: "Ellichpur"
 VICTORY_POINTS_10401: "Raipur"
 VICTORY_POINTS_10001: "Visakhapatnam"
 VICTORY_POINTS_10060: "Sambalpur"
 VICTORY_POINTS_7340: "Vijayawada"
 VICTORY_POINTS_4278: "Hubballi"
 VICTORY_POINTS_7244: "Mangaluru"
 VICTORY_POINTS_10246: "Madurai"
 VICTORY_POINTS_7447: "Kōchi"
 VICTORY_POINTS_1321: "Trivandrum"
 VICTORY_POINTS_7265: "Tuticorin"
 VICTORY_POINTS_1409: "Tirunelveli"
 VICTORY_POINTS_4315: "Coimbatore"
 VICTORY_POINTS_10149: "Pondichéry"
 VICTORY_POINTS_7260: "Colombo"
 VICTORY_POINTS_9991: "Chittagong"
 VICTORY_POINTS_12366: "Guwahati"
 VICTORY_POINTS_1581: "Imphal"
 VICTORY_POINTS_5040: "Kanpur"
 VICTORY_POINTS_11786: "Trikala"
 VICTORY_POINTS_9930: "Kavala"
 VICTORY_POINTS_666: "Vedeno"
 VICTORY_POINTS_670: "Staraya Sunzha"
 VICTORY_POINTS_7602: "Asterabad"
 VICTORY_POINTS_2900: "Sedan"
 VICTORY_POINTS_10542: "Kurgan"
 VICTORY_POINTS_11764: "Yingkou"
 VICTORY_POINTS_9781: "Anshan"
 VICTORY_POINTS_7663: "Jilin"
 VICTORY_POINTS_207: "Velikiye Luki"
 VICTORY_POINTS_6249: "Polotsk"
 VICTORY_POINTS_11801: "Rehe"
 VICTORY_POINTS_10426: "Chifeng"
 VICTORY_POINTS_1638: "Tongliao"
 VICTORY_POINTS_3147: "Novocherkassk"
 VICTORY_POINTS_9041: "Sana'a"
 VICTORY_POINTS_7712: "Al-Baidhah"
 VICTORY_POINTS_6177: "Najran"
 VICTORY_POINTS_10723: "Dinding"
 VICTORY_POINTS_11182: "Penang"
 VICTORY_POINTS_12502: "Johor Bahru"
 VICTORY_POINTS_9205: "Kangar"
 VICTORY_POINTS_12199: "Kuala Terengganu"
 VICTORY_POINTS_12142: "Sholapur"
 VICTORY_POINTS_8101: "Arar"
 VICTORY_POINTS_10901: "Sakākā"
 VICTORY_POINTS_1631: "Ar-Rutba"
 VICTORY_POINTS_4932: "Nizwa"
 VICTORY_POINTS_2103: "Salalah"
 VICTORY_POINTS_8219: "São Salvador"
 VICTORY_POINTS_4660: "Kapan"
 VICTORY_POINTS_4761: "Tetuán"
 VICTORY_POINTS_10070: "Rabat"
 VICTORY_POINTS_7659: "Yulin"
 VICTORY_POINTS_6783: "Yeisk"
 VICTORY_POINTS_12992: "Manchzhuriya"
 VICTORY_POINTS_7039: "Maoming"
 VICTORY_POINTS_10080: "Qingyuan"
 VICTORY_POINTS_4092: "Zhaoqing"
 VICTORY_POINTS_12530: "Palanga"
 GER_VICTORY_POINTS_12530: "Polangen"
 COU_VICTORY_POINTS_12530: "Polangen"
 UBD_VICTORY_POINTS_12530: "Polangen"
 POL_VICTORY_POINTS_12530: "Połąga"
 VICTORY_POINTS_12904: "Ivangorod"
 EST_VICTORY_POINTS_12904: "Jaanlinn"
 VICTORY_POINTS_12912: "Pechery"
 EST_VICTORY_POINTS_12912: "Petseri"
 VICTORY_POINTS_10473: "Pytalovo"
 LAT_VICTORY_POINTS_10473: "Jaunlatgale"
 VICTORY_POINTS_9501: "Valmiera"
 GER_VICTORY_POINTS_9501: "Wolmar"
 COU_VICTORY_POINTS_9501: "Wolmar"
 UBD_VICTORY_POINTS_9501: "Wolmar"
 VICTORY_POINTS_9502: "stanitsa Uryupinskaya"
 VICTORY_POINTS_3120: "Yamburg"
 VICTORY_POINTS_6724: "Simferopol"
 VICTORY_POINTS_3169: "Bakhchysarai"
 VICTORY_POINTS_705: "Yevpatoria"
 VICTORY_POINTS_3755: "Kherson"
 VICTORY_POINTS_3722: "Perekop"
 VICTORY_POINTS_9677: "Theodosia"
 VICTORY_POINTS_9571: "Berdiansk"
 VICTORY_POINTS_737: "Oleshky"
 VICTORY_POINTS_3427: "Ordos"
 VICTORY_POINTS_10724: "Yinchuan"
 VICTORY_POINTS_10797: "Bushehr"
 VICTORY_POINTS_12994: "Antofagasta"
 VICTORY_POINTS_6108: "Ekenäs"
 #FIN_VICTORY_POINTS_6108: "Tammisaari"
 VICTORY_POINTS_204: "Lovisa"
 VICTORY_POINTS_6150: "Sordavala"
 VICTORY_POINTS_9105: "Keksholm"
 VICTORY_POINTS_3060: "Terijoki"
 VICTORY_POINTS_9056: "Jyväskylä"
 VICTORY_POINTS_6354: "Orsha"
 VICTORY_POINTS_4695: "Niamey"
 VICTORY_POINTS_4803: "Biysk"
 VICTORY_POINTS_10537: "Barnaul"
 VICTORY_POINTS_1685: "Kuznetsk"
 VICTORY_POINTS_4866: "Novonikolayevsk"
 VICTORY_POINTS_12536: "Tomsk"
 VICTORY_POINTS_3738: "Ochakov"
 VICTORY_POINTS_6445: "Taganrog"
 VICTORY_POINTS_6420: "Mariupol"
 VICTORY_POINTS_11668: "Anapa"
 VICTORY_POINTS_3752: "Tuapse"
 VICTORY_POINTS_3479: "Bakhmut"
 VICTORY_POINTS_6741: "Temryuk"
 VICTORY_POINTS_567: "Baltiyskiy Port"
 VICTORY_POINTS_83: "Hapsal"
 VICTORY_POINTS_11443: "Kunda"
 VICTORY_POINTS_6066: "Nystad"
 VICTORY_POINTS_11065: "Nykarleby"
 VICTORY_POINTS_3172: "Jakobstad"
 VICTORY_POINTS_772: "Poti"
 VICTORY_POINTS_1574: "Ambon"
 VICTORY_POINTS_10153: "Manado"
 VICTORY_POINTS_10715: "Godbout"
 VICTORY_POINTS_12503: "North West River"
 VICTORY_POINTS_11607: "Cartwright"
 VICTORY_POINTS_4360: "Charlottetown"
 VICTORY_POINTS_7758: "Lewisporte"
 VICTORY_POINTS_7364: "Fort Chimo"
 VICTORY_POINTS_6921: "Chaves"
 VICTORY_POINTS_10752: "al-Hudaydah"
 VICTORY_POINTS_9121: "Abha"
 VICTORY_POINTS_4924: "Mari'b"
 VICTORY_POINTS_10786: "Wadi al-Dawasir"
 VICTORY_POINTS_10923: "Buraydah"
 VICTORY_POINTS_12101: "Tabuk"
 VICTORY_POINTS_13279: "Vati"
 GRE_VICTORY_POINTS_13279: "Vathy"
 SMS_VICTORY_POINTS_13279: "Vathy"
 IKR_VICTORY_POINTS_13279: "Vathy"
 VICTORY_POINTS_13280: "Aya Krikos"
 GRE_VICTORY_POINTS_13280: "Agios Kirykos"
 SMS_VICTORY_POINTS_13280: "Agios Kirykos"
 IKR_VICTORY_POINTS_13280: "Agios Kirykos"
 VICTORY_POINTS_3586: "Olkusz"
 VICTORY_POINTS_9290: "Lomza"
 VICTORY_POINTS_11776: "Dayton"
 VICTORY_POINTS_4601: "Cincinnati"
 VICTORY_POINTS_9693: "Albany"
 VICTORY_POINTS_492: "Montgomery"
 VICTORY_POINTS_1453: "Baton Rouge"
 VICTORY_POINTS_1352: "Topeka"
 VICTORY_POINTS_10676: "Lincoln"
 VICTORY_POINTS_689: "Toledo"
 VICTORY_POINTS_6769: "Lansing"
 VICTORY_POINTS_12497: "Springfield"
 VICTORY_POINTS_12456: "Madison"
 VICTORY_POINTS_4518: "Fresno"
 VICTORY_POINTS_610: "Eureka"
 VICTORY_POINTS_7388: "Tampa"
 VICTORY_POINTS_12381: "Jacksonville"
 VICTORY_POINTS_11975: "Savannah"
 VICTORY_POINTS_7118: "Augusta"
 VICTORY_POINTS_10492: "Macon"
 VICTORY_POINTS_7012: "Columbia"
 VICTORY_POINTS_1132: "Wilmington"
 VICTORY_POINTS_3823: "Richmond"
 VICTORY_POINTS_9864: "Atlantic City"
 VICTORY_POINTS_3897: "Scranton"
 VICTORY_POINTS_3687: "Erie"
 VICTORY_POINTS_11685: "Grand Rapids"
 VICTORY_POINTS_4442: "Youngstown"
 VICTORY_POINTS_6874: "Akron"
 VICTORY_POINTS_11669: "Bay City"
 VICTORY_POINTS_1734: "Duluth"
 VICTORY_POINTS_12312: "Rockford"
 VICTORY_POINTS_1527: "Peoria"
 VICTORY_POINTS_10478: "Davenport"
 VICTORY_POINTS_12646: "Sioux City"
 VICTORY_POINTS_3733: "Rochester"
 VICTORY_POINTS_10341: "La Crosse"
 VICTORY_POINTS_9654: "South Bend"
 VICTORY_POINTS_870: "Fort Wayne"
 VICTORY_POINTS_11635: "Evansville"
 VICTORY_POINTS_11799: "Allentown"
 VICTORY_POINTS_3824: "Lancaster"
 VICTORY_POINTS_6869: "Reading"
 VICTORY_POINTS_3702: "Syracuse"
 VICTORY_POINTS_6971: "Huntington"
 VICTORY_POINTS_9727: "Lexington"
 VICTORY_POINTS_7797: "Memphis"
 VICTORY_POINTS_7791: "Knoxville"
 VICTORY_POINTS_10909: "Chattanooga"
 VICTORY_POINTS_5022: "Austin"
 VICTORY_POINTS_10740: "El Paso"
 VICTORY_POINTS_9920: "Fort Worth"
 VICTORY_POINTS_3834: "Tucson"
 VICTORY_POINTS_6699: "Stockton"
 VICTORY_POINTS_10422: "Reno"
 VICTORY_POINTS_10582: "Ogden"
 VICTORY_POINTS_10588: "Colorado Springs"
 VICTORY_POINTS_4328: "Salem"
 VICTORY_POINTS_10687: "Walla Walla"
 VICTORY_POINTS_7386: "Tacoma"
 VICTORY_POINTS_10157: "Belingham"
 VICTORY_POINTS_12700: "Durrës"
 VICTORY_POINTS_1719: "Saint Paul"
 VICTORY_POINTS_3678: "Oakland"
 VICTORY_POINTS_11900: "Camden"
 VICTORY_POINTS_10391: "St. Joseph"
 VICTORY_POINTS_3806: "Troy"
 VICTORY_POINTS_9708: "Utica"
 VICTORY_POINTS_12437: "Terry Haute"
 VICTORY_POINTS_4723: "Cheyenne"
 VICTORY_POINTS_3710: "Worcester"
 VICTORY_POINTS_3906: "Fall River"
 VICTORY_POINTS_6909: "New Haven"
 VICTORY_POINTS_9850: "Hartford"
 VICTORY_POINTS_908: "Springfield"
 VICTORY_POINTS_3712: "Manchester"
 VICTORY_POINTS_11000: "Copiapó"
 VICTORY_POINTS_12954: "Valdivia"
 VICTORY_POINTS_8155: "Daowai"
 VICTORY_POINTS_3541: "Regensburg"
 VICTORY_POINTS_11791: "Lima"
 VICTORY_POINTS_3685: "Sandusky"
 VICTORY_POINTS_709: "Escanaba"
 VICTORY_POINTS_4166: "Green Bay"
 VICTORY_POINTS_12620: "Pierre"
 VICTORY_POINTS_4445: "Montpelier"
 VICTORY_POINTS_7780: "Fort Collins"
 VICTORY_POINTS_6887: "Grand Junction"
 VICTORY_POINTS_12585: "Billings"
 VICTORY_POINTS_7779: "Helena"
 VICTORY_POINTS_528: "Eugene"
 VICTORY_POINTS_10595: "Sioux Falls"
 VICTORY_POINTS_3699: "Eau Claire"
 VICTORY_POINTS_7420: "Traverse City"
 VICTORY_POINTS_4854: "Marquette"
 VICTORY_POINTS_9657: "Sheboygan"
 VICTORY_POINTS_1849: "Ashland"
 VICTORY_POINTS_10685: "Fargo"
 VICTORY_POINTS_10709: "Minot"
 VICTORY_POINTS_12124: "Coeur d'Alene"
 VICTORY_POINTS_12535: "Pocatello"
 VICTORY_POINTS_9911: "Bakersfield"
 VICTORY_POINTS_11859: "Santa Barbara"
 VICTORY_POINTS_12361: "Jefferson City"
 VICTORY_POINTS_9847: "Bridgeport"
 VICTORY_POINTS_3732: "Portland"
 VICTORY_POINTS_7462: "Lewiston"
 VICTORY_POINTS_9923: "Morgantown"
 VICTORY_POINTS_11888: "Martinsburg"
 VICTORY_POINTS_6850: "Wheeling"
 VICTORY_POINTS_3975: "Parkersburg"
 VICTORY_POINTS_1506: "Roanoke"
 VICTORY_POINTS_6823: "Cumberland"
 VICTORY_POINTS_6929: "Hagerstown"
 VICTORY_POINTS_6717: "Binghamton"
 VICTORY_POINTS_6911: "Poughkeepsie"
 VICTORY_POINTS_11650: "Elmira"
 VICTORY_POINTS_10727: "Owensboro"
 VICTORY_POINTS_7045: "Raleigh"
 VICTORY_POINTS_12445: "Greensboro"
 VICTORY_POINTS_7643: "Asheville"
 VICTORY_POINTS_10081: "Winston-Salem"
 VICTORY_POINTS_11251: "Sonderburg"
 DEN_VICTORY_POINTS_11251: "Sønderborg"
 VICTORY_POINTS_11366: "Flensburg"
 VICTORY_POINTS_11547: "Kaiserslautern"
 VICTORY_POINTS_9522: "Aachen"
 VICTORY_POINTS_6537: "Verviers"
 VICTORY_POINTS_2332: "Arlon"
 GER_VICTORY_POINTS_2332: "Arel"
 VICTORY_POINTS_12393: "Andorra la Vella"
 VICTORY_POINTS_3081: "Monaco"
 VICTORY_POINTS_3166: "Città di San Marino"
 VICTORY_POINTS_6190: "Vaduz"
 VICTORY_POINTS_3164: "Civitas Leonina"
 VICTORY_POINTS_9786: "Wilmington"
 VICTORY_POINTS_10586: "Paducah"
 VICTORY_POINTS_11170: "Hoten"
 VICTORY_POINTS_6088: "Qianshan"
 VICTORY_POINTS_9155: "Kuancheng"
 VICTORY_POINTS_7221: "Incheon"
 VICTORY_POINTS_12040: "Gaeseong"
 VICTORY_POINTS_3981: "Hamheung"
 VICTORY_POINTS_1003: "Haeju"
 VICTORY_POINTS_4126: "Jeonju"
 VICTORY_POINTS_1054: "Tongyeong"
 VICTORY_POINTS_4086: "Daegu"
 VICTORY_POINTS_11829: "Escutaire"
 TUR_VICTORY_POINTS_11829: "Üsküdar"
 GRE_VICTORY_POINTS_11829: "Scutari"
 VICTORY_POINTS_10798: "Oklahoma City"
 VICTORY_POINTS_12778: "Fort Smith"
 VICTORY_POINTS_7543: "Pine Bluff"
 VICTORY_POINTS_10410: "Jackson"
 VICTORY_POINTS_12429: "Meridian"
 VICTORY_POINTS_1615: "Hattiesburg"
 VICTORY_POINTS_4653: "Greenville"
 VICTORY_POINTS_10352: "Pensacola"
 VICTORY_POINTS_12401: "Shreveport"
 VICTORY_POINTS_6803: "McAlester"
 VICTORY_POINTS_1618: "Muskogee"
 VICTORY_POINTS_11785: "Harrisburg"
 VICTORY_POINTS_11817: "Williamsport"
 VICTORY_POINTS_11782: "Trenton"
 VICTORY_POINTS_873: "Alexandria"
 VICTORY_POINTS_129: "Cherepovets"
 VICTORY_POINTS_785: "Balıkesir"
 VICTORY_POINTS_10907: "Çatalca"
 GRE_VICTORY_POINTS_10907: "Metrai"
 VICTORY_POINTS_2064: "İzmit"
 GRE_VICTORY_POINTS_2064: "Nicomedia"
 VICTORY_POINTS_11826: "Yozgat"
 VICTORY_POINTS_3903: "Sivas"
 VICTORY_POINTS_11871: "Urfa"
 VICTORY_POINTS_11636: "Brăila"
 VICTORY_POINTS_3639: "Pitesţi"
 VICTORY_POINTS_9224: "Drobeta-Turnu Severin"
 VICTORY_POINTS_687: "Tulcea"
 VICTORY_POINTS_6677: "Călărasi"
 VICTORY_POINTS_660: "Tărgovişte"
 VICTORY_POINTS_11588: "Caracal"
 VICTORY_POINTS_818: "Alexandria"
 VICTORY_POINTS_6695: "Cămpulung"
 VICTORY_POINTS_6747: "Bacău"
 VICTORY_POINTS_6584: "Botoşani"
 VICTORY_POINTS_11672: "Piatra Neamţ"
 VICTORY_POINTS_723: "Vaslui"
 VICTORY_POINTS_6729: "Bărlad"
 VICTORY_POINTS_11652: "Focşani"
 VICTORY_POINTS_965: "Vratsa"
 VICTORY_POINTS_649: "Shumen"
 VICTORY_POINTS_6842: "Veliko Tarnovo"
 VICTORY_POINTS_3937: "Pazardzhik"
 VICTORY_POINTS_9614: "Silistra"
 VICTORY_POINTS_6952: "Stara Zagora"
 VICTORY_POINTS_746: "Satu Mare" 
 AUH_VICTORY_POINTS_746: "Szatmárnémeti"
 HUN_VICTORY_POINTS_746: "Szatmárnémeti"
 VICTORY_POINTS_3991: "Baia Mare"
 AUH_VICTORY_POINTS_3991: "Nagybánya"
 HUN_VICTORY_POINTS_3991: "Nagybánya"
 VICTORY_POINTS_3694: "Târgu Mureş"
 AUH_VICTORY_POINTS_3694: "Marosvásárhely"
 HUN_VICTORY_POINTS_3694: "Marosvásárhely"
 VICTORY_POINTS_9619: "Petrosani" 
 AUH_VICTORY_POINTS_9619: "Petrozsény"
 HUN_VICTORY_POINTS_9619: "Petrozsény"
 VICTORY_POINTS_12687: "Targu Ocna"
 VICTORY_POINTS_711: "Gheorgheni" 
 AUH_VICTORY_POINTS_711: "Gyergyószentmiklós"
 HUN_VICTORY_POINTS_711: "Gyergyószentmiklós"
 VICTORY_POINTS_3649: "Reşiţa"
 AUH_VICTORY_POINTS_3649: "Resicabánya"
 HUN_VICTORY_POINTS_3649: "Resicabánya"
 VICTORY_POINTS_8185: "Annapolis"
 VICTORY_POINTS_9929: "Aydın"
 VICTORY_POINTS_3876: "Isparta"
 VICTORY_POINTS_11907: "Burdur"
 VICTORY_POINTS_9830: "Niğde"
 VICTORY_POINTS_3714: "Rize"
 VICTORY_POINTS_11844: "Kırşehir"
 VICTORY_POINTS_11831: "Kütahya"
 VICTORY_POINTS_3786: "Bilecik"
 VICTORY_POINTS_9844: "Kangırı"
 VICTORY_POINTS_3919: "Bolu"
 VICTORY_POINTS_10122: "Muğla"
 VICTORY_POINTS_11897: "Amasya"
 VICTORY_POINTS_960: "Karahisar"
 VICTORY_POINTS_3935: "Tokat"
 VICTORY_POINTS_12416: "Mardin"
 VICTORY_POINTS_13287: "Ergani"
 VICTORY_POINTS_9858: "Muş"
 VICTORY_POINTS_11797: "Erzincan"
 VICTORY_POINTS_3526: "Serez"
 VICTORY_POINTS_6930: "Serfice"
 VICTORY_POINTS_13272: "Görice"
 VICTORY_POINTS_9875: "İlbasan"
 VICTORY_POINTS_9849: "Prizren"
 VICTORY_POINTS_6913: "İpek"
 VICTORY_POINTS_937: "Taşlıca"
 VICTORY_POINTS_3879: "Tekirdağ"
 VICTORY_POINTS_13061: "Kırkkilise"
 VICTORY_POINTS_890: "Adapazarı"
 VICTORY_POINTS_10921: "Laasqoray"
 VICTORY_POINTS_4110: "Hyderabad"
 VICTORY_POINTS_10735: "Shikarpur"
 VICTORY_POINTS_7938: "Allahabad"
 VICTORY_POINTS_8022: "Rawalpindi"
 VICTORY_POINTS_10843: "Bahawalpur"
 VICTORY_POINTS_4915: "Agra"
 VICTORY_POINTS_12338: "Jalpaiguri"
 VICTORY_POINTS_9973: "Gorakhpur"
 VICTORY_POINTS_10772: "Ferozepore"
 VICTORY_POINTS_9588: "Banja Luka"
 VICTORY_POINTS_3984: "Kragujevac"
 VICTORY_POINTS_1834: "Murun"
 VICTORY_POINTS_3161: "Kotka"
 VICTORY_POINTS_11121: "Brahestad"
 VICTORY_POINTS_11519: "Liége"
 VICTORY_POINTS_7971: "Suzhou"
 VICTORY_POINTS_3704: "Izmail"
 ROM_VICTORY_POINTS_3704: "Ismail"
 VICTORY_POINTS_3407: "Khotyn"
 VICTORY_POINTS_6600: "Bălti"
 VICTORY_POINTS_13203: "Juneau"
 VICTORY_POINTS_944: "Yenki" #延吉
 KOR_VICTORY_POINTS_944: "Yeongil"
 VICTORY_POINTS_1104: "Yantai"
 VICTORY_POINTS_4556: "Maseru"
 VICTORY_POINTS_7900: "Mbabane"
 VICTORY_POINTS_12113: "Tanjung Pinang"
 VICTORY_POINTS_7228: "Nizhny Tagil"
 VICTORY_POINTS_12287: "Verkhneufaleisky"
 VICTORY_POINTS_6226: "Syzran"
 VICTORY_POINTS_392: "Simbirsk"
 VICTORY_POINTS_6357: "Alatyr"
 VICTORY_POINTS_380: "Kuznetsk"
 VICTORY_POINTS_3477: "Volsk"
 VICTORY_POINTS_6101: "Rybinsk"
 VICTORY_POINTS_11110: "Kotlas"
 VICTORY_POINTS_6174: "Kolpino"
 VICTORY_POINTS_280: "Vladimir"
 VICTORY_POINTS_3190: "Kostroma"
 VICTORY_POINTS_9257: "Kineshma"
 VICTORY_POINTS_357: "Kovrov"
 VICTORY_POINTS_12244: "Votkinsk"
 VICTORY_POINTS_6278: "Izhevsk"
 VICTORY_POINTS_314: "Ryazhsk"
 VICTORY_POINTS_3332: "Kirsanov"
 VICTORY_POINTS_10142: "Katav-Ivanovsk"
 VICTORY_POINTS_11408: "Balashov"
 VICTORY_POINTS_6587: "Borisoglebsk"
 VICTORY_POINTS_579: "Archeda"
 VICTORY_POINTS_6718: "Pyatigorsk"
 VICTORY_POINTS_3658: "Kutais"
 VICTORY_POINTS_11464: "Kazatin"
 VICTORY_POINTS_6605: "Mirgorod"
 VICTORY_POINTS_6565: "Putivl"
 VICTORY_POINTS_371: "Klintsy"
 VICTORY_POINTS_294: "Borisov"
 VICTORY_POINTS_3556: "Pinsk"
 VICTORY_POINTS_3452: "Elisavetgrad"
 VICTORY_POINTS_3376: "Yefremov"
 VICTORY_POINTS_7477: "Krasnovodsk"
 VICTORY_POINTS_12582: "Sault Ste. Marie"
 VICTORY_POINTS_736: "Prince Albert"
 VICTORY_POINTS_12145: "Brandon"
 VICTORY_POINTS_12688: "Portage la Prairie"
 VICTORY_POINTS_1262: "Lethbridge"
 VICTORY_POINTS_7853: "Kamloops"
 VICTORY_POINTS_1799: "Prince Rupert"
 VICTORY_POINTS_749: "St. Catherines"
 VICTORY_POINTS_3763: "Hamilton"
 VICTORY_POINTS_774: "Berlin"
 VICTORY_POINTS_9667: "Windsor"
 VICTORY_POINTS_722: "London"
 VICTORY_POINTS_9711: "Sarnia"
 VICTORY_POINTS_9585: "Barrie"
 VICTORY_POINTS_11569: "Peterborough"
 VICTORY_POINTS_3605: "Kingston"
 VICTORY_POINTS_7291: "Trois Rivières"
 VICTORY_POINTS_4430: "Sydney"
 VICTORY_POINTS_12094: "Marj"
 VICTORY_POINTS_1204: "Derna"
 VICTORY_POINTS_12907: "Albert-ville"
 VICTORY_POINTS_4515: "Tenke"
 VICTORY_POINTS_2073: "Bumba"
 VICTORY_POINTS_2154: "Paulis"
 VICTORY_POINTS_10257: "Hanzhong"
 VICTORY_POINTS_10132: "Mianyang"
 VICTORY_POINTS_8026: "Nanchong"
 VICTORY_POINTS_12705: "Luzhou"
 VICTORY_POINTS_1395: "Leshan"
 VICTORY_POINTS_4325: "Zunyi"
 VICTORY_POINTS_7606: "Qujing"
 VICTORY_POINTS_10346: "Yuxi"
 VICTORY_POINTS_10863: "Baoshan"
 VICTORY_POINTS_4937: "Lijiang"
 VICTORY_POINTS_12262: "Puer"
 VICTORY_POINTS_9963: "Yangjiang"
 VICTORY_POINTS_11938: "Jiangmen"
 VICTORY_POINTS_11941: "Foshan"
 VICTORY_POINTS_7067: "Shanwei"
 VICTORY_POINTS_9999: "Yuezhou"
 VICTORY_POINTS_10335: "Huaihua"
 VICTORY_POINTS_7637: "Huanggang"
 VICTORY_POINTS_4009: "Xiangfan"
 VICTORY_POINTS_1153: "Jingdezhen"
 VICTORY_POINTS_4156: "Yuanzhou"
 VICTORY_POINTS_1628: "Jiujiang"
 VICTORY_POINTS_7054: "Yingtan"
 VICTORY_POINTS_10501: "Xinyu"
 VICTORY_POINTS_7459: "Nanyang"
 VICTORY_POINTS_7126: "Zhoukou"
 VICTORY_POINTS_1445: "Covington"
 VICTORY_POINTS_12627: "Pueblo"
 VICTORY_POINTS_7776: "Superior"
 VICTORY_POINTS_12369: "Brownsville"
 VICTORY_POINTS_5061: "Laredo"
 VICTORY_POINTS_1500: "Beaumont"
 VICTORY_POINTS_971: "Portsmouth"
 VICTORY_POINTS_1467: "Shusha"
 VICTORY_POINTS_591: "Gospić"
 VICTORY_POINTS_3700: "Eisenstadt"
 HUN_VICTORY_POINTS_3700: "Kismarton"
 VICTORY_POINTS_13285: "Békéscsaba"
 VICTORY_POINTS_11427: "Tarnopol"
 UKR_VICTORY_POINTS_11427: "Ternopil"
 WUK_VICTORY_POINTS_11427: "Ternopil"
 VICTORY_POINTS_6751: "Miskolc"
 VICTORY_POINTS_6716: "Szolnok"
 VICTORY_POINTS_6522: "Rzeszów"
 VICTORY_POINTS_4859: "Ostrava"
 AUS_VICTORY_POINTS_4859: "Ostrau"
 GER_VICTORY_POINTS_4859: "Ostrau"
 VICTORY_POINTS_11916: "Suzhou"
 VICTORY_POINTS_290: "Drohiczyn"
 LIT_VICTORY_POINTS_290: "Drohičinas"
 BLR_VICTORY_POINTS_290: "Darahichyn"
 VICTORY_POINTS_11328: "Longwy"


 #Finnish Independent names
 TAMMISAARI_PROV: "Tammisaari"
 PORVOO_PROV: "Porvoo"
 HANKO_PROV: "Hanko"
 KOKKOLA_PROV: "Kokkola"
 UUSIKAARLEPYY_PROV: "Uusikaarlepyy"
 PORI_PROV: "Pori"
 RAUMA_PROV: "Rauma"
 TAMPERE_PROV: "Tampere"
 LAHTI_PROV: "Lahti"
 HAME_PROV: "Häme"
 SAVONLINNA_PROV: "Savonlinna"
 RAAHE_PROV: "Raahe"
 KAJAANI_PROV: "Kajaani"
 TORNIO_PROV: "Tornio"
 KAKISALMI_PROV: "Käkisalmi"
 LOVIISA_PROV: "Loviisa"
 HAMINA_PROV: "Hamina"
 SORTAVALA_PROV: "Sortavala"
 LAPPEENRANTA_PROV: "Lappeenranta"

 PETROGRAD_PROV: "Petrograd"
 LENINGRAD_PROV: "Leningrad"
 STALINGRAD_PROV: "Stalingrad"
 LEONGRAD_PROV: "Leongrad"
 BAHCESARAY_PROV: "Bahçesaray"
 TSARGRAD_PROV: "Tsargrad"
 ALASH_PROV: "Alash-kala"
 NEW_HARAR_PROV: "New Harar"
 GARVEY_PROV: "Garvey"
 NEW_ADDIS_ABABA_PROV: "New Addis Ababa"
 DAKAR_PROV: "Dakar"
 VOROSHILOVGRAD_PROV: "Voroshilovgrad"
 SVERDLOVSK_PROV: "Sverdlovsk"
 KALININ_PROV: "Kalinin"
 VOLGOGRAD_PROV: "Volgograd"
 STALINO_PROV: "Stalino"
 LEVGRAD_PROV: "Levgrad"
 LEVINSK_PROV: "Levinsk"
 MANAMA_PROV: "Manama"
 BEIPING_PROV: "Beiping"
 MARXSTAD_PROV: "Marxstadt"
 KITCHENER_PROV: "Kitchener"
 ULANBATOR_PROV: "Ulaanbaatar"
 TRIPOLI_PROV: "Tripoli"
 TRIPOLITANIA_PROV: "Tripolitania"
 BENGHAZI_PROV: "Benghazi"
 NEAPOLI_PROV: "Neapoli"
 ALEXANDROUPOLI_PROV: "Alexandroupoli"
 ASATANA_PROV: "Asatana"
 ISTANBUL_PROV: "İstanbul"
 RODOS_PROV: "Rodos"
 LEFKOSA_PROV: "Lefkoşa"
 LIMASOL_PROV: "Limasol"
 DEYRIZOR_PROV: "Deyrizor"
 KERKUK_PROV: "Kerkük"