l_english:
 VICTORY_POINTS_11887: "Niš"
 VICTORY_POINTS_6998: "Kruševac"
 VICTORY_POINTS_9874: "Pristina"
 VICTORY_POINTS_11774: "Gümülcine"
 VICTORY_POINTS_878: "Kardzhali"
 VICTORY_POINTS_1102: "Agadir"
 VICTORY_POINTS_4097: "Fez"
 VICTORY_POINTS_12938: "Belo Horizonte"
 VICTORY_POINTS_1861: "Canberra"
 VICTORY_POINTS_2209: "Villa Hayes"
 VICTORY_POINTS_9204: "Köngsberg"
 VICTORY_POINTS_3021: "Hamar"
 VICTORY_POINTS_3171: "Fredrikstad"
 VICTORY_POINTS_3546: "Verdun"
 VICTORY_POINTS_743: "Bayonne"
 VICTORY_POINTS_9853: "Perpignan"
 VICTORY_POINTS_6960: "Béziers"
 VICTORY_POINTS_11160:0"Kristianstad"
 VICTORY_POINTS_9209: "Örebro"
 VICTORY_POINTS_9523: "Versailles"
 VICTORY_POINTS_9851: "Bastia"
 VICTORY_POINTS_9561: "Compiègne"
 VICTORY_POINTS_849: "Gelibolu"
 VICTORY_POINTS_1177: "Jeju"
 VICTORY_POINTS_848: "Wonsan"
 VICTORY_POINTS_11808: "Fushun"
 VICTORY_POINTS_3934: "Fuxin"
 VICTORY_POINTS_6837: "Jinzhou"
 VICTORY_POINTS_4205: "Weihaiwei"
 VICTORY_POINTS_1200: "Yantai"
 VICTORY_POINTS_810: "Jixi"
 VICTORY_POINTS_6964: "Yanji"
 VICTORY_POINTS_9623: "Jiamusi"
 VICTORY_POINTS_10503: "Mudanjiang"
 VICTORY_POINTS_900: "Tangshan"
 VICTORY_POINTS_3900: "Qinhuangdao"
 VICTORY_POINTS_1590: "Kalgan"
 VICTORY_POINTS_10372: "Xilingol"
 VICTORY_POINTS_7158: "Datong"
 VICTORY_POINTS_1588: "Qiqihar"
 VICTORY_POINTS_7832: "Aigun"
 VICTORY_POINTS_10612: "Manzhouli"
 VICTORY_POINTS_1055: "Wenchow"
 VICTORY_POINTS_10708: "Bayan Tümen"
 VICTORY_POINTS_10589: "Nikolsk-Ussuriysky"
 VICTORY_POINTS_9604: "Imperatorskaya Gavan"
 VICTORY_POINTS_7763: "Blagoveshchensk"
 VICTORY_POINTS_12559: "Nikolayevsk- on-Amur"
 VICTORY_POINTS_12657: "Alexeyevsk"
 VICTORY_POINTS_10011: "Tsushima"
 VICTORY_POINTS_8047: "Esmeraldas" 
 VICTORY_POINTS_989: "Oujda" 
 VICTORY_POINTS_12082: "Melilla" 
 VICTORY_POINTS_10875: "Dakhla"
 VICTORY_POINTS_11701: "Fort Alexandrovsky"
 VICTORY_POINTS_12581: "Kokand"
 VICTORY_POINTS_2058: "Osh"
 VICTORY_POINTS_12397: "Turkistan"
 VICTORY_POINTS_1216: "Samarkand"
 VICTORY_POINTS_12324: "Khiva"
 VICTORY_POINTS_11457: "Khanskaya Stavka"
 VICTORY_POINTS_10202: "Pavlodar"
 VICTORY_POINTS_7874: "Petropavlovsk"
 VICTORY_POINTS_12785: "Ho"
 VICTORY_POINTS_10113: "Tangier"
 VICTORY_POINTS_3123: "Fort-Lamy"
 VICTORY_POINTS_12154: "Friedrich- Wilhelmshafen"
 VICTORY_POINTS_1126: "Laghouat"
 VICTORY_POINTS_7077: "Kairouan"
 VICTORY_POINTS_1127: "Ajdabiya"
 VICTORY_POINTS_7992: "Port-Étienne"
 VICTORY_POINTS_4920: "El Aaiún"
 VICTORY_POINTS_6831: "Pescara"
 VICTORY_POINTS_9794: "Terni"
 VICTORY_POINTS_9916: "Arta"
 VICTORY_POINTS_9837: "Florina"
 VICTORY_POINTS_13274: "Shkodër"
 VICTORY_POINTS_9906: "Vranje"
 VICTORY_POINTS_3939: "Novi Pazar"
 VICTORY_POINTS_6790: "Parma"
 VICTORY_POINTS_782: "Ravenna"
 VICTORY_POINTS_969: "Bergamo"
 VICTORY_POINTS_3657: "Udine"
 VICTORY_POINTS_984: "Pula"
 VICTORY_POINTS_10749: "Fiume"
 VICTORY_POINTS_6675: "Bozen"
 VICTORY_POINTS_9661: "Ödenburg"
 VICTORY_POINTS_541: "Nitra"
 VICTORY_POINTS_6720: "Győr"
 VICTORY_POINTS_6703: "Székesfehérvár"
 VICTORY_POINTS_6647: "Osijek"
 VICTORY_POINTS_11590: "Lausanne"
 VICTORY_POINTS_958: "Avignon"
 VICTORY_POINTS_11877: "Nîmes"
 VICTORY_POINTS_6786: "Saint-Étienne"
 VICTORY_POINTS_762: "Valence"
 VICTORY_POINTS_11787: "Zrenjanin"
 VICTORY_POINTS_3617: "Novi Sad"
 VICTORY_POINTS_9621: "Subotica"
 VICTORY_POINTS_6700: "Szeged"
 VICTORY_POINTS_3696: "Oradea"
 VICTORY_POINTS_84: "Târgu Mureș"
 VICTORY_POINTS_6679: "Sibiu"
 VICTORY_POINTS_11691: "Užhorod"
 VICTORY_POINTS_6761: "Suczawa"
 VICTORY_POINTS_9471: "Chemnitz"
 VICTORY_POINTS_11699: "Pau"
 VICTORY_POINTS_9478: "Angers"
 VICTORY_POINTS_3509: "Le Mans"
 VICTORY_POINTS_11535: "Caen"
 VICTORY_POINTS_9748: "Clermont-Ferrand"
 VICTORY_POINTS_11560: "Mainz"
 VICTORY_POINTS_6568: "Mannheim"
 VICTORY_POINTS_11417: "Würzburg"
 VICTORY_POINTS_589: "Wiesbaden"
 VICTORY_POINTS_11494: "Koblenz"
 VICTORY_POINTS_6446: "Brugge"
 VICTORY_POINTS_13081: "Charleroi"
 VICTORY_POINTS_11456: "Nijmegen"
 VICTORY_POINTS_9431: "Middelburg"
 VICTORY_POINTS_6286: "Zwolle"
 VICTORY_POINTS_6535: "Münster"
 VICTORY_POINTS_526: "Braunschweig"
 VICTORY_POINTS_11331: "Lübeck"
 VICTORY_POINTS_9239: "Oxford"
 VICTORY_POINTS_221: "Ipswich"
 VICTORY_POINTS_322: "Norwich"
 VICTORY_POINTS_11253: "Cambridge"
 VICTORY_POINTS_9364: "Wrexham"
 VICTORY_POINTS_11136: "Aberdeen"
 VICTORY_POINTS_9161: "Inverness"
 VICTORY_POINTS_11237: "Waterford"
 VICTORY_POINTS_9361: "Kolberg"
 VICTORY_POINTS_1104: "Yantai"
 VICTORY_POINTS_1184: "Weixian"
 VICTORY_POINTS_10043: "Jining"
 VICTORY_POINTS_1124: "Linyi"
 VICTORY_POINTS_7109: "Baoding"
 VICTORY_POINTS_1188: "Shimen"
 VICTORY_POINTS_10424: "Guisui"
 VICTORY_POINTS_4174: "Taiyuan"
 VICTORY_POINTS_1344: "Yangquan"
 VICTORY_POINTS_11931: "Luoyang"
 VICTORY_POINTS_7656: "Kaifeng"
 VICTORY_POINTS_12055: "Suzhou"
 VICTORY_POINTS_12067: "Yancheng"
 VICTORY_POINTS_1001: "Bengbu"
 VICTORY_POINTS_1083: "Anqing"
 VICTORY_POINTS_1089: "Nantong"
 VICTORY_POINTS_1099: "Wuhu"
 VICTORY_POINTS_1125: "Huizhou"
 VICTORY_POINTS_4013: "Wenzhou"
 VICTORY_POINTS_11920: "Jinhua"
 VICTORY_POINTS_1138: "Nanping"
 VICTORY_POINTS_12467: "Hanyang"
 VICTORY_POINTS_7167: "Hankou"
 VICTORY_POINTS_1612: "Jingzhou"
 VICTORY_POINTS_10446: "Xinyang"
 VICTORY_POINTS_4256: "Xian"
 VICTORY_POINTS_11865: "Daxian"
 VICTORY_POINTS_7027: "Quanzhou"
 VICTORY_POINTS_1006: "Longyan"
 VICTORY_POINTS_1053: "Ganzhou"
 VICTORY_POINTS_9938: "Santow"
 VICTORY_POINTS_4050: "Huiyang"
 VICTORY_POINTS_1120: "Shaoguan"
 VICTORY_POINTS_7159: "Hengyang"
 VICTORY_POINTS_4152: "Wuzhou"
 VICTORY_POINTS_11981: "Fort-Bayard"
 VICTORY_POINTS_7342: "George Town"
 VICTORY_POINTS_10677: "Malacca"
 VICTORY_POINTS_10212: "Jesselton"
 VICTORY_POINTS_10199: "Sandakan"
 VICTORY_POINTS_12133: "Can Tho"
 VICTORY_POINTS_7645: "Stung Treng"
 VICTORY_POINTS_1605: "Da Lat"
 VICTORY_POINTS_4405: "Nha Trang"
 VICTORY_POINTS_1563: "Pakse"
 VICTORY_POINTS_4379: "Hue"
 VICTORY_POINTS_4397: "Vinh"
 VICTORY_POINTS_4639: "Kampong Cham"
 VICTORY_POINTS_10177: "Battambang"
 VICTORY_POINTS_4433: "Sattahip"
 VICTORY_POINTS_10411: "Nakhon Sawan"
 VICTORY_POINTS_12360: "Khon Kaen"
 VICTORY_POINTS_1291: "Alor Setar"
 VICTORY_POINTS_4312: "Nakhon Si Thammarat"
 VICTORY_POINTS_12289: "Fredericton"
 VICTORY_POINTS_10230: "Sherbrooke"
 VICTORY_POINTS_9480: "Sudbury"
 VICTORY_POINTS_12663: "Regina"
 VICTORY_POINTS_10611: "Saskatoon"
 VICTORY_POINTS_3706: "Calgary"
 VICTORY_POINTS_1323: "Prince George"
 VICTORY_POINTS_10725: "Artvin"
 VICTORY_POINTS_7171: "Pyeongyang"
 VICTORY_POINTS_8061: "Elisabethpol"
 VICTORY_POINTS_6763: "Zaqatala"
 VICTORY_POINTS_1962: "Aghdash"
 VICTORY_POINTS_3698: "Sochi"
 VICTORY_POINTS_1967: "Florynka"
 VICTORY_POINTS_3434: "Przemyśl"
 VICTORY_POINTS_11580: "Sremska Mitrovica"
 VICTORY_POINTS_12755: "Mexico's City"
 VICTORY_POINTS_7973: "Saltillo"
 VICTORY_POINTS_10746: "Torreón"
 VICTORY_POINTS_13220: "Tuxtla Gutierrez"
 VICTORY_POINTS_12745: "Chihuahua"
 VICTORY_POINTS_13259: "León"
 VICTORY_POINTS_5066: "Chilpancingo"
 VICTORY_POINTS_13236: "Morelia"
 VICTORY_POINTS_13232: "Oaxaca"
 VICTORY_POINTS_13261: "Puebla"
 VICTORY_POINTS_13269: "Campeche"
 VICTORY_POINTS_2083: "Ciudad Victoria"
 VICTORY_POINTS_8079: "Tampico"
 VICTORY_POINTS_10738: "Zacatecas"
 VICTORY_POINTS_10832: "Cuautla"
 VICTORY_POINTS_12867: "Villahermosa"
 VICTORY_POINTS_523: "Starobelsk"
 VICTORY_POINTS_8103: "Nea Orestiás"
 VICTORY_POINTS_10104: "Strumica"
 VICTORY_POINTS_7987: "Bosilegrad"
 VICTORY_POINTS_11856: "Ohrid"
 VICTORY_POINTS_6484: "Lublin"
 VICTORY_POINTS_10739: "Al-Fashir"
 VICTORY_POINTS_1920: "Sana'a"
 VICTORY_POINTS_10785: "Aoudjila"
 VICTORY_POINTS_4144: "Anyang"
 VICTORY_POINTS_12520: "Khovd"
 VICTORY_POINTS_4704: "Kumul"
 VICTORY_POINTS_10614: "Turpan"
 VICTORY_POINTS_4682: "Akesu"
 VICTORY_POINTS_5102: "Qamdo"
 VICTORY_POINTS_4994: "Xigazê"
 VICTORY_POINTS_1961: "Gar"
 VICTORY_POINTS_1473: "Abéché"
 VICTORY_POINTS_1060: "Dscharabub"
 VICTORY_POINTS_9263: "Gdynia"
 VICTORY_POINTS_9919: "Burgas"
 VICTORY_POINTS_10126: "Köln"
 VICTORY_POINTS_10884: "Dortmund"
 VICTORY_POINTS_11796: "Uşak"
 VICTORY_POINTS_11883: "Zonguldak"
 VICTORY_POINTS_4088: "Be'er Sheva"
 VICTORY_POINTS_10791: "Al-Hasa"
 VICTORY_POINTS_5231: "Bloemfontein"
 VICTORY_POINTS_2229: "Lüderitz"
 VICTORY_POINTS_2207: "Walvis Bay"
 VICTORY_POINTS_12963: "Francistown"
 VICTORY_POINTS_4851: "Bulawayo"
 VICTORY_POINTS_2120: "Beira"
 VICTORY_POINTS_2123: "Nampula"
 VICTORY_POINTS_12911: "Dodoma"
 VICTORY_POINTS_11647: "Sukhumi"
 VICTORY_POINTS_1708: "Qoqak"
 VICTORY_POINTS_1783: "Karamay"
 VICTORY_POINTS_12526: "Ghulja"
 VICTORY_POINTS_1018: "Qinzhou"
 VICTORY_POINTS_2067: "Jiandu"
 VICTORY_POINTS_10903: "Barkam"
 VICTORY_POINTS_7971: "Suzhou"
 VICTORY_POINTS_6912: "Bandırma"
 VICTORY_POINTS_4455: "Haifa"
 VICTORY_POINTS_806: "Osmaniye"
 VICTORY_POINTS_6864: "Çanakkale"
 VICTORY_POINTS_4017: "Ma'an"
 VICTORY_POINTS_7143: "Karaman"
 VICTORY_POINTS_11261: "Zorzor"
 VICTORY_POINTS_13064: "Calais"
 VICTORY_POINTS_2923: "Gérardmer"
 VICTORY_POINTS_3668: "Petrovsk"
 VICTORY_POINTS_9567: "Teschen"
 VICTORY_POINTS_3414: "Troppau"
 VICTORY_POINTS_12768: "Kirkuk"
 VICTORY_POINTS_7215: "Axdir"
 VICTORY_POINTS_6924: "Aveiro"
 VICTORY_POINTS_11108: "Bangui"
 VICTORY_POINTS_4179: "Matsuyama"
 VICTORY_POINTS_7212: "Okayama"
 VICTORY_POINTS_12097: "Hamamatsu"
 VICTORY_POINTS_10128: "Nagano"
 VICTORY_POINTS_12031: "Kobe"
 VICTORY_POINTS_7157: "Kanagawa"
 VICTORY_POINTS_7110: "Fukuoka"
 VICTORY_POINTS_7113: "Wakayama"
 VICTORY_POINTS_11985: "Shimonoseki"
 VICTORY_POINTS_11925: "Kumamoto"
 VICTORY_POINTS_1113: "Utsunomiya"
 VICTORY_POINTS_7809: "Muharraq"
 VICTORY_POINTS_1966: "Alula"
 VICTORY_POINTS_12840: "Hobyo"
 VICTORY_POINTS_7830: "Afgooye"
 VICTORY_POINTS_6997: "Julfa"
 VICTORY_POINTS_4435: "Gangtok"
 VICTORY_POINTS_7387: "Bandar Brunei"
 VICTORY_POINTS_12283: "Sibu"
 VICTORY_POINTS_4396: "Bintulu"
 VICTORY_POINTS_6504: "Arras"
 VICTORY_POINTS_3447: "Cambrai"
 VICTORY_POINTS_5005: "Al-Muhammarah"
 VICTORY_POINTS_10585: "Zanzibar City"
 VICTORY_POINTS_4609: "Rasht"
 VICTORY_POINTS_11700: "Melitopol"
 VICTORY_POINTS_2070: "Duzzap"
 VICTORY_POINTS_12774: "Gwadar"
 VICTORY_POINTS_8007: "Multan"
 VICTORY_POINTS_12754: "Jammu"
 VICTORY_POINTS_1908: "Jeypore"
 VICTORY_POINTS_12080: "Indore"
 VICTORY_POINTS_4132: "Bhavnagar"
 VICTORY_POINTS_7150: "Surat"
 VICTORY_POINTS_4883: "Nagpur"
 VICTORY_POINTS_10030: "Ellichpur"
 VICTORY_POINTS_10401: "Raipur"
 VICTORY_POINTS_10001: "Visakhapatnam"
 VICTORY_POINTS_10060: "Sambalpur"
 VICTORY_POINTS_7340: "Vijayawada"
 VICTORY_POINTS_4278: "Hubballi"
 VICTORY_POINTS_7244: "Mangaluru"
 VICTORY_POINTS_10246: "Madurai"
 VICTORY_POINTS_7447: "Kochi"
 VICTORY_POINTS_1321: "Trivandrum"
 VICTORY_POINTS_7265: "Tuticorin"
 VICTORY_POINTS_1409: "Tirunelveli"
 VICTORY_POINTS_4315: "Coimbatore"
 VICTORY_POINTS_10149: "Pondichéry"
 VICTORY_POINTS_7260: "Colombo"
 VICTORY_POINTS_9991: "Chittagong"
 VICTORY_POINTS_12366: "Guwahati"
 VICTORY_POINTS_1581: "Imphal"
 VICTORY_POINTS_5040: "Kanpur"
 VICTORY_POINTS_11786: "Trikala"
 VICTORY_POINTS_9930: "Kavala"
 VICTORY_POINTS_666: "Vedeno"
 VICTORY_POINTS_670: "Staraya Sunzha"
 VICTORY_POINTS_7602: "Asterabad"
 VICTORY_POINTS_2900: "Sedan"
 VICTORY_POINTS_10542: "Kurgan"
 VICTORY_POINTS_6981: "Andong"
 VICTORY_POINTS_9781: "Anshan"
 VICTORY_POINTS_7663: "Jilin"
 VICTORY_POINTS_207: "Velikiye Luki"
 VICTORY_POINTS_6249: "Polotsk"
 VICTORY_POINTS_11801: "Rehe"
 VICTORY_POINTS_10426: "Chifeng"
 VICTORY_POINTS_1638: "Tongliao"
 VICTORY_POINTS_3147: "Novocherkassk"
 VICTORY_POINTS_9041: "Sana'a"
 VICTORY_POINTS_7712: "Al-Baidhah"
 VICTORY_POINTS_6177: "Najran"
 VICTORY_POINTS_10723: "Dinding"
 VICTORY_POINTS_11182: "Penang"
 VICTORY_POINTS_12502: "Johor Bahru"
 VICTORY_POINTS_9205: "Kangar"
 VICTORY_POINTS_12199: "Kuala Terengganu"
 VICTORY_POINTS_12142: "Sholapur"
 VICTORY_POINTS_8101: "Arar"
 VICTORY_POINTS_10901: "Sakākā"
 VICTORY_POINTS_1631: "Ar-Rutba"
 VICTORY_POINTS_4932: "Nizwa"
 VICTORY_POINTS_2103: "Salalah"
 VICTORY_POINTS_8219: "São Salvador"
 VICTORY_POINTS_4660: "Kapan"
 VICTORY_POINTS_4761: "Tetuán"
 VICTORY_POINTS_10070: "Rabat"
 VICTORY_POINTS_7659: "Yulin"
 VICTORY_POINTS_6783: "Yeisk"
 VICTORY_POINTS_12992: "Manchzhuriya"
 VICTORY_POINTS_7039: "Maoming"
 VICTORY_POINTS_10080: "Qingyuan"
 VICTORY_POINTS_4092: "Zhaoqing"
 VICTORY_POINTS_12530: "Palanga"
 VICTORY_POINTS_12904: "Ivangorod"
 VICTORY_POINTS_12912: "Pechery"
 VICTORY_POINTS_10473: "Pytalovo"
 VICTORY_POINTS_9501: "Valmiera"
 VICTORY_POINTS_9502: "stanitsa Uryupinskaya"
 VICTORY_POINTS_3120: "Yamburg"
 VICTORY_POINTS_6724: "Simferopol"
 VICTORY_POINTS_3169: "Bakhchysarai"
 VICTORY_POINTS_705: "Yevpatoria"
 VICTORY_POINTS_3755: "Kherson"
 VICTORY_POINTS_3722: "Perekop"
 VICTORY_POINTS_9677: "Theodosia"
 VICTORY_POINTS_9571: "Berdiansk"
 VICTORY_POINTS_737: "Oleshky"
 VICTORY_POINTS_3427: "Ordos"
 VICTORY_POINTS_10724: "Yinchuan"
 VICTORY_POINTS_10797: "Bushehr"
 VICTORY_POINTS_12994: "Antofagasta"
 VICTORY_POINTS_6108: "Ekenäs"
 VICTORY_POINTS_204: "Lovisa"
 VICTORY_POINTS_6150: "Sordavala"
 VICTORY_POINTS_9105: "Keksholm"
 VICTORY_POINTS_3060: "Terijoki"
 VICTORY_POINTS_9056: "Jyväskylä"
 VICTORY_POINTS_6354: "Orsha"
 VICTORY_POINTS_4695: "Niamey"
 VICTORY_POINTS_4803: "Biysk"
 VICTORY_POINTS_10537: "Barnaul"
 VICTORY_POINTS_1685: "Kuznetsk"
 VICTORY_POINTS_4866: "Novonikolayevsk"
 VICTORY_POINTS_12536: "Tomsk"
 VICTORY_POINTS_3738: "Ochakov"
 VICTORY_POINTS_6445: "Taganrog"
 VICTORY_POINTS_6420: "Mariupol"
 VICTORY_POINTS_11668: "Anapa"
 VICTORY_POINTS_3752: "Tuapse"
 VICTORY_POINTS_3479: "Bakhmut"
 VICTORY_POINTS_6741: "Temryuk"
 VICTORY_POINTS_567: "Baltiyskiy Port"
 VICTORY_POINTS_83: "Hapsal"
 VICTORY_POINTS_11443: "Kunda"
 VICTORY_POINTS_6066: "Nystad"
 VICTORY_POINTS_11065: "Nykarleby"
 VICTORY_POINTS_3172: "Jakobstad"
 VICTORY_POINTS_772: "Poti"
 VICTORY_POINTS_1574: "Ambon"
 VICTORY_POINTS_10153: "Manado"
 VICTORY_POINTS_10715: "Godbout"
 VICTORY_POINTS_12503: "North West River"
 VICTORY_POINTS_11607: "Cartwright"
 VICTORY_POINTS_4360: "Charlottetown"
 VICTORY_POINTS_7758: "Lewisporte"
 VICTORY_POINTS_7364: "Fort Chimo"
 VICTORY_POINTS_6921: "Chaves"
 VICTORY_POINTS_10752: "al-Hudaydah"
 VICTORY_POINTS_9121: "Abha"
 VICTORY_POINTS_4924: "Mari'b"
 VICTORY_POINTS_10786: "Wadi al-Dawasir"
 VICTORY_POINTS_10923: "Buraydah"
 VICTORY_POINTS_12101: "Tabuk"
 VICTORY_POINTS_13279: "Vati"
 VICTORY_POINTS_13279_2: "Vathy"
 VICTORY_POINTS_13280: "Aya Krikos"
 VICTORY_POINTS_13280_2: "Agios Kirykos"
 VICTORY_POINTS_3586: "Olkusz"
 VICTORY_POINTS_9290: "Lomza"
 VICTORY_POINTS_11776: "Dayton"
 VICTORY_POINTS_4601: "Cincinnati"
 VICTORY_POINTS_9693: "Albany"
 VICTORY_POINTS_492: "Montgomery"
 VICTORY_POINTS_1453: "Baton Rouge"
 VICTORY_POINTS_1352: "Topeka"
 VICTORY_POINTS_10676: "Lincoln"
 VICTORY_POINTS_689: "Toledo"
 VICTORY_POINTS_6769: "Lansing"
 VICTORY_POINTS_12497: "Springfield"
 VICTORY_POINTS_12456: "Madison"
 VICTORY_POINTS_4518: "Fresno"
 VICTORY_POINTS_610: "Eureka"
 VICTORY_POINTS_7388: "Tampa"
 VICTORY_POINTS_12381: "Jacksonville"
 VICTORY_POINTS_11975: "Savannah"
 VICTORY_POINTS_7118: "Augusta"
 VICTORY_POINTS_10492: "Macon"
 VICTORY_POINTS_7012: "Columbia"
 VICTORY_POINTS_1132: "Wilmington"
 VICTORY_POINTS_3823: "Richmond"
 VICTORY_POINTS_9864: "Atlantic City"
 VICTORY_POINTS_3897: "Scranton"
 VICTORY_POINTS_3687: "Erie"
 VICTORY_POINTS_11685: "Grand Rapids"
 VICTORY_POINTS_4442: "Youngstown"
 VICTORY_POINTS_6874: "Akron"
 VICTORY_POINTS_11669: "Bay City"
 VICTORY_POINTS_1734: "Duluth"
 VICTORY_POINTS_12312: "Rockford"
 VICTORY_POINTS_1527: "Peoria"
 VICTORY_POINTS_10478: "Davenport"
 VICTORY_POINTS_12646: "Sioux City"
 VICTORY_POINTS_3733: "Rochester"
 VICTORY_POINTS_10341: "La Crosse"
 VICTORY_POINTS_9654: "South Bend"
 VICTORY_POINTS_870: "Fort Wayne"
 VICTORY_POINTS_11635: "Evansville"
 VICTORY_POINTS_11799: "Allentown"
 VICTORY_POINTS_3824: "Lancaster"
 VICTORY_POINTS_6869: "Reading"
 VICTORY_POINTS_3702: "Syracuse"
 VICTORY_POINTS_6971: "Huntington"
 VICTORY_POINTS_9727: "Lexington"
 VICTORY_POINTS_7797: "Memphis"
 VICTORY_POINTS_7791: "Knoxville"
 VICTORY_POINTS_10909: "Chattanooga"
 VICTORY_POINTS_5022: "Austin"
 VICTORY_POINTS_10740: "El Paso"
 VICTORY_POINTS_9920: "Fort Worth"
 VICTORY_POINTS_3834: "Tucson"
 VICTORY_POINTS_6699: "Stockton"
 VICTORY_POINTS_10422: "Reno"
 VICTORY_POINTS_10582: "Ogden"
 VICTORY_POINTS_10588: "Colorado Springs"
 VICTORY_POINTS_4328: "Salem"
 VICTORY_POINTS_10687: "Walla Walla"
 VICTORY_POINTS_7386: "Tacoma"
 VICTORY_POINTS_10157: "Belingham"
 VICTORY_POINTS_12700: "Durrës"
 VICTORY_POINTS_1719: "Saint Paul"
 VICTORY_POINTS_3678: "Oakland"
 VICTORY_POINTS_11900: "Camden"
 VICTORY_POINTS_10391: "St. Joseph"
 VICTORY_POINTS_3806: "Troy"
 VICTORY_POINTS_9708: "Utica"
 VICTORY_POINTS_12437: "Terry Haute"
 VICTORY_POINTS_4723: "Cheyenne"
 VICTORY_POINTS_3710: "Worcester"
 VICTORY_POINTS_3906: "Fall River"
 VICTORY_POINTS_6909: "New Haven"
 VICTORY_POINTS_9850: "Hartford"
 VICTORY_POINTS_908: "Springfield"
 VICTORY_POINTS_3712: "Manchester"
 VICTORY_POINTS_11000: "Copiapó"
 VICTORY_POINTS_12954: "Valdivia"
 VICTORY_POINTS_8155: "Daowai"
 VICTORY_POINTS_3541: "Regensburg"
 VICTORY_POINTS_11791: "Lima"
 VICTORY_POINTS_3685: "Sandusky"
 VICTORY_POINTS_709: "Escanaba"
 VICTORY_POINTS_4166: "Green Bay"
 VICTORY_POINTS_12620: "Pierre"
 VICTORY_POINTS_4445: "Montpelier"
 VICTORY_POINTS_7780: "Fort Collins"
 VICTORY_POINTS_6887: "Grand Junction"
 VICTORY_POINTS_12585: "Billings"
 VICTORY_POINTS_7779: "Helena"
 VICTORY_POINTS_528: "Eugene"
 VICTORY_POINTS_10595: "Sioux Falls"
 VICTORY_POINTS_3699: "Eau Claire"
 VICTORY_POINTS_7420: "Traverse City"
 VICTORY_POINTS_4854: "Marquette"
 VICTORY_POINTS_9657: "Sheboygan"
 VICTORY_POINTS_1849: "Ashland"
 VICTORY_POINTS_10685: "Fargo"
 VICTORY_POINTS_10709: "Minot"
 VICTORY_POINTS_12124: "Coeur d'Alene"
 VICTORY_POINTS_12535: "Pocatello"
 VICTORY_POINTS_9911: "Bakersfield"
 VICTORY_POINTS_11859: "Santa Barbara"
 VICTORY_POINTS_12361: "Jefferson City"
 VICTORY_POINTS_9847: "Bridgeport"
 VICTORY_POINTS_3732: "Portland"
 VICTORY_POINTS_7462: "Lewiston"
 VICTORY_POINTS_9923: "Morgantown"
 VICTORY_POINTS_11888: "Martinsburg"
 VICTORY_POINTS_6850: "Wheeling"
 VICTORY_POINTS_3975: "Parkersburg"
 VICTORY_POINTS_1506: "Roanoke"
 VICTORY_POINTS_6823: "Cumberland"
 VICTORY_POINTS_6929: "Hagerstown"
 VICTORY_POINTS_6717: "Binghamton"
 VICTORY_POINTS_6911: "Poughkeepsie"
 VICTORY_POINTS_11650: "Elmira"
 VICTORY_POINTS_10727: "Owensboro"
 VICTORY_POINTS_7045: "Raleigh"
 VICTORY_POINTS_12445: "Greensboro"
 VICTORY_POINTS_7643: "Asheville"
 VICTORY_POINTS_10081: "Winston-Salem"
 VICTORY_POINTS_11251: "Sonderburg"
 VICTORY_POINTS_11366: "Flensburg"
 VICTORY_POINTS_11547: "Kaiserslautern"
 VICTORY_POINTS_9522: "Aachen"
 VICTORY_POINTS_11407: "Bastogne"
 VICTORY_POINTS_2332: "Arlon"
 VICTORY_POINTS_12393: "Andorra la Vella"
 VICTORY_POINTS_3081: "Monaco"
 VICTORY_POINTS_3166: "Città di San Marino"
 VICTORY_POINTS_6190: "Vaduz"
 VICTORY_POINTS_3164: "Civitas Leonina"
 VICTORY_POINTS_9786: "Wilmington"
 VICTORY_POINTS_10586: "Paducah"
 VICTORY_POINTS_11170: "Hoten"
 VICTORY_POINTS_6088: "Qianshan"
 VICTORY_POINTS_9155: "Kuancheng"
 VICTORY_POINTS_7221: "Incheon"
 VICTORY_POINTS_12040: "Gaeseong"
 VICTORY_POINTS_3981: "Hamheung"
 VICTORY_POINTS_1003: "Haeju"
 VICTORY_POINTS_4126: "Jeonju"
 VICTORY_POINTS_1054: "Tongyeong"
 VICTORY_POINTS_4086: "Daegu"
 VICTORY_POINTS_11829: "Üsküdar"
 VICTORY_POINTS_10798: "Oklahoma City"
 VICTORY_POINTS_12778: "Fort Smith"
 VICTORY_POINTS_7543: "Pine Bluff"
 VICTORY_POINTS_10410: "Jackson"
 VICTORY_POINTS_12429: "Meridian"
 VICTORY_POINTS_1615: "Hattiesburg"
 VICTORY_POINTS_4653: "Greenville"
 VICTORY_POINTS_10352: "Pensacola"
 VICTORY_POINTS_12401: "Shreveport"
 VICTORY_POINTS_6803: "McAlester"
 VICTORY_POINTS_1618: "Muskogee"
 VICTORY_POINTS_11785: "Harrisburg"
 VICTORY_POINTS_11817: "Williamsport"
 VICTORY_POINTS_11782: "Trenton"
 VICTORY_POINTS_873: "Alexandria"
 VICTORY_POINTS_129: "Cherepovets"
 VICTORY_POINTS_785: "Balıkesir"
 VICTORY_POINTS_10907: "Çatalca"
 VICTORY_POINTS_2064: "İzmit"
 VICTORY_POINTS_3951: "Eskişehir"
 VICTORY_POINTS_11826: "Yozgat"
 VICTORY_POINTS_10497: "Bitlis"
 VICTORY_POINTS_3903: "Sivas"
 VICTORY_POINTS_11871: "Urfa"
 VICTORY_POINTS_11636: "Braila"
 VICTORY_POINTS_3639: "Pitesti"
 VICTORY_POINTS_9224: "Drobeta-Turnu Severin"
 VICTORY_POINTS_687: "Tulcea"
 VICTORY_POINTS_6677: "Calarasi"
 VICTORY_POINTS_660: "Targoviste"
 VICTORY_POINTS_11588: "Caracal"
 VICTORY_POINTS_818: "Alexandria"
 VICTORY_POINTS_6695: "Campulung"
 VICTORY_POINTS_6747: "Bacau"
 VICTORY_POINTS_6584: "Botosani"
 VICTORY_POINTS_11672: "Piatra Neamt"
 VICTORY_POINTS_723: "Vaslui"
 VICTORY_POINTS_6729: "Barlad"
 VICTORY_POINTS_11652: "Focsani"
 VICTORY_POINTS_965: "Vratsa"
 VICTORY_POINTS_649: "Shumen"
 VICTORY_POINTS_6967: "Sliven"
 VICTORY_POINTS_9888: "Yambol"
 VICTORY_POINTS_9612: "Ruse"
 VICTORY_POINTS_6842: "Veliko Tarnovo"
 VICTORY_POINTS_3937: "Pazardzhik"
 VICTORY_POINTS_9614: "Silistria"
 VICTORY_POINTS_6952: "Stara Zagora"
 VICTORY_POINTS_746: "Satu Mare"
 VICTORY_POINTS_3991: "Baia Mare"
 VICTORY_POINTS_3694: "Targu Mures"
 VICTORY_POINTS_9619: "Petrosani"
 VICTORY_POINTS_12687: "Targu Ocna"
 VICTORY_POINTS_711: "Gheorgheni"
 VICTORY_POINTS_3649: "Resita"

 PETROGRAD_PROV: "Petrograd"
 LENINGRAD_PROV: "Leningrad"
 STALINGRAD_PROV: "Stalingrad"
 LEONGRAD_PROV: "Leongrad"
 BAHCESARAY_PROV: "Bahçesaray"
 TSARGRAD_PROV: "Tsargrad"
 ALASH_PROV: "Alash-kala"
 STRASBOURG_PROV: "Strasbourg"
 MULHOUSE_PROV: "Mulhouse"
 GYUMYURDZINA_PROV: "Gyumyurdžina"
 NEW_HARAR_PROV: "New Harar"
 GARVEY_PROV: "Garvey"
 NEW_ADDIS_ABABA_PROV: "New Addis Ababa"
 DAKAR_PROV: "Dakar"
 SHUNSEN_PROV: "Shunsen"
 TAIDEN_PROV: "Taiden"
 VOROSHILOVGRAD_PROV: "Voroshilovgrad"
 SVERDLOVSK_PROV: "Sverdlovsk"
 KALININ_PROV: "Kalinin"
 VOLGOGRAD_PROV: "Volgograd"
 STALINO_PROV: "Stalino"
 LEVGRAD_PROV: "Levgrad"
 LEVINSK_PROV: "Levinsk"
 KOMOTINI_PROV: "Komotini"
 DEDEAGAC_TUR_PROV: "Dedeağaç"
 DEDEAGAC_BUL_PROV: "Dedeagač"
 DEDEAGAC_GRE_PROV: "Dedeagats"
 NEAPOLI_PROV: "Neapoli"
 ALEXANDROUPOLI_PROV: "Alexandroupoli"
 CHIOS_PROV: "Chios"
 MYTILINI_PROV: "Mytilini"
 NOVA_ROMA_PROV: "Nova Roma"
 CARIGRAD_PROV: "Carigrad"
 HADRIANOPOLIS_PROV: "Adrianoupoli"
 ODRIN_PROV: "Odrin"
 ADRIANOPLE_PROV: "Adrianople"
 ARGIROKASTRO_PROV: "Argirokastro"
 LERIN_PROV: "Lerin"
 KYUSTENDZHA_PROV: "Kyustendzha"
 LWOW_RPOV: "Lwów"
 LVIV_PROV: "Lviv"
 LVOV_PROV: "Lvov"
 STANISLAWOW_PROV: "Stanisławów"
 STANISLAVIV_PROV: "Stanislaviv"
 STANISLAVOV_PROV: "Stanislavov"
 nislel_khuree_prov: "Niĭslel Khüree"
 ULANBATOR_PROV: "Ulaanbaatar"
 baatar_khot_prov: "Baatar Khot"
 chisinau_prov: "Chisinău"
 cetatea_alba_prov: "Cetatea Albă"
 cernauti_prov: "Cernăuti"
 chernovitsy_prov: "Chernovitsy"
 suceava_prov: "Suceava"
 suchava_prov: "Suchava"
 bazargic_prov: "Bazargic"
 SARREBRUCK_PROV: "Sarrebruck"
 TRIPOLI_PROV: "Tripoli"
 TRIPOLITANIA_PROV: "Tripolitania"
 BENGHAZI_PROV: "Benghazi"
 OLEKSANDRIVSK_PROV: "Oleksandrivsk"
 KAUNAS_PROV: "Kaunas"
 KOWNO_PROV: "Kowno"
 SIAULIAI_PROV: "Šiauliai"
 SZAWLE_PROV: "Szawle"
 SCHAULEN_PROV: "Schaulen"
 KLAIPEDA_PROV: "Klaipėda"
 KLAJPEDA_PROV: "Kłajpeda"
 TARTU_PROV: "Tartu"
 TERBATA_PROV: "Tērbata"
 DORPAT_PROV: "Dorpat"
 TALLINN_PROV: "Tallinn"
 REVAL_PROV: "Reval"
 DAUGAVPILS_PROV: "Daugavpils"
 DYNEBURG_PROV: "Dyneburg"
 DUNABURG_PROV: "Dünaburg"
 KYSHYNIV_PROV: "Kyshyniv"
 BILHOROD_DNISTROVSKYI_PROV: "Bilhorod-Dnistrovskyi"
 HSINKING_PROV: "Hsinking"
 SOPRON_PROV: "Sopron"
 SPLIT_PROV: "Split"
 DUBROVNIK_PROV: "Dubrovnik"
 BEIPING_PROV: "Beiping"
 MANAMA_PROV: "Manama"
 ISTANBUL_PROV: "İstanbul"
 RODOS_PROV: "Rodos"
 LEFKOSA_PROV: "Lefkoşa"
 LIMASOL_PROV: "Limasol"
 DEYRIZOR_PROV: "Deyrizor"
 KERKUK_PROV: "Kerkük"
 DALNIY_PROV: "Dalniy"
 QINGDAO_PROV: "Tsingtao"
 MAARIANHAMINA_PROV: "Maarianhamina"
 NARWA_PROV: "Narwa"
 MITAU_PROV: "Mitau"
 MITAWA_PROV: "Mitawa"
 REZEKNE_PROV: "Rēzekne"
 RZEZYCA_PROV: "Rzeżyca"
 ROSITTEN_PROV: "Rositten"
 LIBAU_PROV: "Libau"
 LIEPOJA_PROV: "Liepoja"
 LIPAWA_PROV: "Lipawa"
 WINDAU_PROV: "Windau"
 WINDAWA_PROV: "Windawa"
 ZHANJIANG_PROV: "Chankiang"
 SONDERBORG_PROV: "Sønderborg"
 AREL_PROV: "Arel"
 PORI_PROV: "Pori"
 RAUMA_PROV: "Rauma"
 HAME_PROV: "Hämeenlinna"
 LAHTI_PROV: "Lahti"
 TAMPERE_PROV: "Tampere"
 PORVOO_PROV: "Porvoo"
 HANKO_PROV: "Hanko"
 TAMMISAARI_PROV: "Tammisaari"
 SAVONLINNA_PROV: "Savonlinna"
 KOKKOLA_PROV: "Kokkola"
 TORNIO_PROV: "Tornio"
 KAJAANI_PROV: "Kajaani"
 KAKISALMI_PROV: "Käkisalmi"
 LOVIISA_PROV: "Loviisa"
 HAMINA_PROV: "Hamina"
 SORTAVALA_PROV: "Sortavala"
 LAPPEENRANTA_PROV: "Lappeenranta"
 UUSIKAARLEPYY_PROV: "Uusikaarlepyy"
 RAAHE_PROV: "Raahe"
 ESCUTAIRE_PROV: "Escutaire"
 GLIWICE_PROV: "Gliwice"
 OPOLE_PROV: "Opole"
 BYDGOSZCZ_PROV: "Bydgoszcz"